rojo-gusano-chicago-7,Rojo Gusano,https://www.yelp.com/biz/rojo-gusano-chicago-7,4.0,"[Category(name='Mexican', alias='mexican')]",['4217 N Ravenswood Ave'],US,Chicago,IL,60613,16,False,"Went there about an hour before closing on a Friday. 

3 of us ordered agua frescas, trio guac, tacos (pork belly = delicious!), black beans, empanadas, and...",9
roanoke-restaurant-chicago,Roanoke Restaurant,https://www.yelp.com/biz/roanoke-restaurant-chicago,4.5,"[Category(name='Cocktail Bars', alias='cocktailbars'), Category(name='American (New)', alias='newamerican'), Category(name='American (Traditional)', alias='tradamerican')]",['135 W Madison St'],US,Chicago,IL,60602,13,True,"Loved the ""clubby"" atmosphere, great service just for starters.  Now on top of that throw in delicious offerings and a totally classy feel to the place....",22
the-rabbit-hole-chicago-2,The Rabbit Hole,https://www.yelp.com/biz/the-rabbit-hole-chicago-2,3.5,"[Category(name='American (New)', alias='newamerican'), Category(name='Lounges', alias='lounges')]",['1208 N Wells St'],US,Chicago,IL,60610,21,True,"My fiancé and I decide to stop in for a drink last night after dinner as we loved the name bar! I ordered the ""The Fountain of Youth"" to drink and it was...",37
pleasant-house-bakery-chicago,Pleasant House Bakery,https://www.yelp.com/biz/pleasant-house-bakery-chicago,4.5,"[Category(name='Bakeries', alias='bakeries'), Category(name='British', alias='british')]",['2119 S Halsted St'],US,Chicago,IL,60608,493,True,"Fell in love many moons ago. I go here every time I'm in Chicago..!
Every pie is phenomenal AND tastes great with their chutney.
Desserts are great too. We...",39
smalls-smoke-shack-and-more-chicago-5,Smalls. Smoke Shack & More,https://www.yelp.com/biz/smalls-smoke-shack-and-more-chicago-5,4.5,"[Category(name='Barbeque', alias='bbq'), Category(name='American (New)', alias='newamerican')]",['4009 N Albany'],US,Chicago,IL,60618,271,True,"We catered our party with some fried chicken, pulled pork and some smoked tofu (wife, what can I say?). 

Extra shout out to the friendly staff who helped...",218
snarfs-chicago-4,Snarf's,https://www.yelp.com/biz/snarfs-chicago-4,4.0,"[Category(name='Sandwiches', alias='sandwiches'), Category(name='Salad', alias='salad'), Category(name='Italian', alias='italian')]",['955 W Webster'],US,Chicago,IL,60614,13,True,"The Chicagoan in me feels guilty for saying this, but Snarfs is better than Potbellys. I've been to 2 locations and both have had great service, the...",387
sophies-chicago-9,Sophie's,https://www.yelp.com/biz/sophies-chicago-9,4.0,"[Category(name='American (New)', alias='newamerican'), Category(name='Seafood', alias='seafood')]","['Saki Fifth Ave', '700 N Michigan Ave. Fl 7']",US,Chicago,IL,60611,50,True,"Hosted a baby luncheon here.

Love the space.  Very bright, nice, clean look.  Great views of the lake and the bustling city and skyscrapers.

We had a...",402
la-parada-cafe-chicago,La Parada Cafe,https://www.yelp.com/biz/la-parada-cafe-chicago,5.0,"[Category(name='Cafes', alias='cafes')]",['2059 W 21st St'],US,Chicago,IL,60608,9,True,"Place is chill and plays reasonably good music.

Convenient for those living in west pilsen, drinks are HOT, hope this spot survives!",482
fish-bar-chicago,Fish Bar,https://www.yelp.com/biz/fish-bar-chicago,4.0,"[Category(name='Seafood', alias='seafood'), Category(name='American (Traditional)', alias='tradamerican')]",['2956 N Sheffield Ave'],US,Chicago,IL,60657,796,True,"My boyfriend and I went here last night and the night started off kind of rough.  At first it took a very long time for our server to get to us, so at first...",634
frasca-pizzeria-and-wine-bar-chicago,Frasca Pizzeria and Wine Bar,https://www.yelp.com/biz/frasca-pizzeria-and-wine-bar-chicago,4.0,"[Category(name='Wine Bars', alias='wine_bars'), Category(name='Pizza', alias='pizza'), Category(name='Italian', alias='italian')]",['3358 N Paulina St'],US,Chicago,IL,60657,604,True,"They serve pizza here. I chose the Brussels sprout salad and it was excellent. You should try it. Had a mix of cauliflower as well with bacon. 

The bar is...",655
cemitas-puebla-chicago-11,Cemitas Puebla,https://www.yelp.com/biz/cemitas-puebla-chicago-11,3.5,"[Category(name='Mexican', alias='mexican')]",['1321 E 57th St'],US,Chicago,IL,60637,37,False,Veggie tacos were delicious. Two would be sufficient at a great price. I added avo & onions and it made my tacos quite tasty. The hubs got the Arabe Cemitas...,667
city-pool-hall-chicago,City Pool Hall,https://www.yelp.com/biz/city-pool-hall-chicago,4.0,"[Category(name='Pool Halls', alias='poolhalls'), Category(name='Sports Bars', alias='sportsbars'), Category(name='American (New)', alias='newamerican')]",['640 W Hubbard St'],US,Chicago,IL,60654,44,False,Came here randomly on a Saturday night. It was easy and laid back. There was no wait for a pool table and we were able to order some drinks and snacks...,672
dmk-burger-bar-chicago-6,DMK Burger Bar,https://www.yelp.com/biz/dmk-burger-bar-chicago-6,3.5,"[Category(name='Burgers', alias='burgers')]","['Navy Pier', '600 E Grand Ave']",US,Chicago,IL,60605,69,True,Really enjoyed our meal as part of a company outing last Thursday eve. The staff at DMK Burger couldn't have been nicer or more acommodating to our requests...,711
blackwood-bbq-chicago-5,Blackwood BBQ,https://www.yelp.com/biz/blackwood-bbq-chicago-5,4.0,"[Category(name='Barbeque', alias='bbq'), Category(name='Salad', alias='salad'), Category(name='Sandwiches', alias='sandwiches')]",['962 W Belmont Ave'],US,Chicago,IL,60657,61,True,"BW rated six stars in my book but made a star deduction  for music that was too dang loud.  ;)

Their offerings are relatively few but expertly done.  The...",717
immm-rice-and-beyond-chicago,Immm Rice and Beyond,https://www.yelp.com/biz/immm-rice-and-beyond-chicago,4.5,"[Category(name='Thai', alias='thai')]",['4949 N Broadway St'],US,Chicago,IL,60640,56,False,"I remember a Thai friend telling me how terrible the Thai food is in Chicago. Believe it or not, he works in a local Thai restaurant himself. The problem in...",721
machetes-big-quesadillas-chicago-5,Machetes Big Quesadillas,https://www.yelp.com/biz/machetes-big-quesadillas-chicago-5,4.0,"[Category(name='Mexican', alias='mexican')]",['4636 S. Cicero Ave'],US,Chicago,IL,60638,15,False,This place is damn good. Cochinita pibil is authentic. Someone actually cared to make it right! Totally fun place to eat and a really good value! Salsas are...,735
primo-chukis-chicago,Primo Chuki's,https://www.yelp.com/biz/primo-chukis-chicago,4.5,"[Category(name='Mexican', alias='mexican')]",['1726 W Lawrence'],US,Chicago,IL,60640,101,False,"This place rocks, people!  Such solid food and value.


They are very busy, so it keeps turnover on food. Everything tastes really fresh here.
Everyone is...",736
truenorth-chicago-2,TrueNorth,https://www.yelp.com/biz/truenorth-chicago-2,4.5,"[Category(name='Cafes', alias='cafes'), Category(name='Coffee & Tea', alias='coffee'), Category(name='Salad', alias='salad')]",['5507 N. Clark'],US,Chicago,IL,60640,31,True,"Great modern coffee shop without being too pretentious!
 I had to find a remote location to work while my home internet was out and chose True North based...",743
community-tavern-chicago-3,Community Tavern,https://www.yelp.com/biz/community-tavern-chicago-3,4.5,"[Category(name='Steakhouses', alias='steak'), Category(name='American (Traditional)', alias='tradamerican')]",['4038 N Milwaukee Ave'],US,Chicago,IL,60641,208,True,"Wonderful, Wonderful, Wonderful!! From the warm welcome from the manager, Jamie, to the superb service provided by our server, Jessie; from the...",744
lawrences-fish-and-shrimp-chicago,Lawrence's Fish & Shrimp,https://www.yelp.com/biz/lawrences-fish-and-shrimp-chicago,3.5,"[Category(name='Seafood', alias='seafood')]",['2120 S Canal St'],US,Chicago,IL,60616,355,True,"I have ALWAYS wanted to go here.  Well, the BF took me one Saturday night around 11pm.   The crowd was mixed - some families, cops, sketchy looking, and a...",746
tip-top-inn-chicago,Tip Top Inn,https://www.yelp.com/biz/tip-top-inn-chicago,4.0,"[Category(name='American (Traditional)', alias='tradamerican'), Category(name='Lounges', alias='lounges')]",['1204 N State St'],US,Chicago,IL,60610,23,True,"was here yesterday as a sort of welcome solace from the rain just to hang out with my fellow gold coast neighbors.

The staff is very nice and makes you...",747
las-delicias-de-puerto-rico-chicago,Las Delicias De Puerto Rico,https://www.yelp.com/biz/las-delicias-de-puerto-rico-chicago,4.5,"[Category(name='Puerto Rican', alias='puertorican')]",['4821 W Armitage Ave'],US,Chicago,IL,60639,15,False,This place is phenomenal. Omg the cook is the best in Chicago. I catered from here and everyone at my party was asking for a second plate. The cook seasons...,751
creperie-de-paris-chicago,Creperie De Paris,https://www.yelp.com/biz/creperie-de-paris-chicago,4.5,"[Category(name='Creperies', alias='creperies'), Category(name='French', alias='french')]",['1013 W Webster'],US,Chicago,IL,60614,38,True,"Yum!! Tiny, quick, and easy! Chicago needed more delicious Creperies and this one gets the job done! Awesome location, right off DePaul's Campus. 

I...",752
cafe-l-appetito-lakeview-chicago,Cafe L'Appetito - Lakeview,https://www.yelp.com/biz/cafe-l-appetito-lakeview-chicago,4.5,"[Category(name='Italian', alias='italian'), Category(name='Sandwiches', alias='sandwiches'), Category(name='Cafes', alias='cafes')]",['3332 N Broadway St'],US,Chicago,IL,60657,36,True,Love this neighborhood place. They set up shop in a corner storefront that has been the kiss of death for the past 3 places that have been there.   But they...,754
glaze-teriyaki-chicago,Glaze Teriyaki,https://www.yelp.com/biz/glaze-teriyaki-chicago,4.0,"[Category(name='Japanese', alias='japanese'), Category(name='Asian Fusion', alias='asianfusion')]",['3112 N Broadway'],US,Chicago,IL,60657,88,True,The salmon teriyaki platter is flavorful and healthy. The interior takes you into a calm cocoon away from the hectic street it lies on. My teenage 90's...,759
ñ-chicago-3,Ñ,https://www.yelp.com/biz/%C3%B1-chicago-3,4.0,"[Category(name='Argentine', alias='argentine'), Category(name='Lounges', alias='lounges'), Category(name='Sports Bars', alias='sportsbars')]",['2977 N Elston Ave'],US,Chicago,IL,60618,209,True,"Best empanadas I tried in Chicago.
Steak is not so great, I'd go with Fogo de Chao for that. Still they have generous portions, good music and a nice...",761
primebar-chicago-2,Primebar,https://www.yelp.com/biz/primebar-chicago-2,3.5,"[Category(name='American (New)', alias='newamerican'), Category(name='Bars', alias='bars')]",['155 N Wacker Dr'],US,Chicago,IL,60606,197,True,"I love Prime Bar !! Great food, great service and great Drinks, perfect for business lunches, after work cocktails or  anything else 

 this place is great!!!",761
eggs-cafe-chicago,Eggs Cafe,https://www.yelp.com/biz/eggs-cafe-chicago,4.0,"[Category(name='Cafes', alias='cafes'), Category(name='American (Traditional)', alias='tradamerican'), Category(name='Breakfast & Brunch', alias='breakfast_brunch')]",['680 N Lake Shore Dr'],US,Chicago,IL,60611,47,True,"All I can say is I was amazed by how good our breakfast was at Eggs when we visited Chicago.

I can only hope they open a Philadelphia-area location some...",764
creperia-nuevo-leon-chicago,Creperia Nuevo Leon,https://www.yelp.com/biz/creperia-nuevo-leon-chicago,4.5,"[Category(name='Creperies', alias='creperies')]",['1636 W 18th St'],US,Chicago,IL,60608,9,True,These guys have been open one month. My first time in was  great. Really nice decor. Crepes savory and sweet are all delicious. Fresh squeezed juices and a...,765
vora-chicago,Vora,https://www.yelp.com/biz/vora-chicago,3.5,"[Category(name='Asian Fusion', alias='asianfusion'), Category(name='Taiwanese', alias='taiwanese'), Category(name='Dim Sum', alias='dimsum')]",['1028 N Clark St'],US,Chicago,IL,60610,243,True,"We were hesitant given the place only had three and a half starts but boy are we glad we gave it a shot!

The food was fresh and healthy and the service was...",775
kabobi-grill-chicago,Kabobi Grill,https://www.yelp.com/biz/kabobi-grill-chicago,4.5,"[Category(name='Mediterranean', alias='mediterranean'), Category(name='Persian/Iranian', alias='persian')]",['4748 N Kedzie Ave'],US,Chicago,IL,60625,245,True,Oh soooo delicious! This is a gem that I found yesterday for dinner. I had a beef & lamb combo platter with dill rice that was fantastic. I also had Baba...,777
beef-shack-chicago,Beef Shack,https://www.yelp.com/biz/beef-shack-chicago,4.5,"[Category(name='Hot Dogs', alias='hotdog'), Category(name='Burgers', alias='burgers'), Category(name='Fast Food', alias='hotdogs')]",['1056 W Belmont Ave'],US,Chicago,IL,60657,61,True,Being a Born & bred Chicagoan my brother is a beefaholic.  Typically before he even stops at my house he hits Portillo's on the way from the airport as one...,781
la-cecina-chicago-3,La Cecina,https://www.yelp.com/biz/la-cecina-chicago-3,4.5,"[Category(name='Mexican', alias='mexican')]",['1536 W 18th St'],US,Chicago,IL,60608,10,True,The best service in Pilsen the best tacos the most flavorful and it's cheap  veryyyyy good COME TO THIS PLACE,781
el-metro-chicago-8,El Metro,https://www.yelp.com/biz/el-metro-chicago-8,4.0,"[Category(name='Mexican', alias='mexican')]",['1959 W Chicago Ave'],US,Chicago,IL,60622,79,True,We enjoyed our food - tacos and tostadas. Plenty of vegetarian and gluten-free options too. I tried a cactus taco for the first time and loved it. The...,783
cheesies-pub-and-grub-chicago-4,Cheesie's Pub & Grub,https://www.yelp.com/biz/cheesies-pub-and-grub-chicago-4,4.0,"[Category(name='Fast Food', alias='hotdogs'), Category(name='Sandwiches', alias='sandwiches')]",['1365 N. Milwaukee Ave.'],US,Chicago,IL,60622,42,True,"Love this place!  I come here almost every Wednesday for trivia

They also have about 15 TV's, so it's a great place to watch any game",790
foundation-room-chicago-2,Foundation Room,https://www.yelp.com/biz/foundation-room-chicago-2,4.0,"[Category(name='American (New)', alias='newamerican')]",['329 N Dearborn St'],US,Chicago,IL,60654,19,True,"We are new members at the Foundation Room.  We went for the first time last week...all I can say is WOW.  The food is fantastic, Chef Jack is a gem.  We had...",793
cheesies-pub-and-grub-chicago,Cheesie's Pub & Grub,https://www.yelp.com/biz/cheesies-pub-and-grub-chicago,4.0,"[Category(name='Sandwiches', alias='sandwiches'), Category(name='Pubs', alias='pubs'), Category(name='American (New)', alias='newamerican')]",['958 W Belmont Ave'],US,Chicago,IL,60657,951,True,"It breaks my heart to take away a star, because Cheesie's is one of the world's most beautiful restaurants in the world. The amount of hilarious...",802
döner-men-chicago-4,Döner Men,https://www.yelp.com/biz/d%C3%B6ner-men-chicago-4,4.0,"[Category(name='Food Trucks', alias='foodtrucks'), Category(name='German', alias='german'), Category(name='Caterers', alias='catering')]",['116 N Aberdeen St'],US,Chicago,IL,60607,44,True,"It's awesome that they can make any of their entrees vegetarian (except for the poutine).

I had the vegetarian box and the veggies and sauce were really...",804
spacca-napoli-chicago,Spacca Napoli,https://www.yelp.com/biz/spacca-napoli-chicago,4.0,"[Category(name='Pizza', alias='pizza'), Category(name='Italian', alias='italian')]",['1769 W Sunnyside Ave'],US,Chicago,IL,60640,1129,True,Great experience!!! Read about this place and we wanted to try it out. Wasn't disappointed at all :) The ambiance is cute and well lit up. The hosts and...,806
pork-and-mindys-chicago,Pork & Mindy's,https://www.yelp.com/biz/pork-and-mindys-chicago,3.5,"[Category(name='Sandwiches', alias='sandwiches')]",['1623 N Milwaukee Ave'],US,Chicago,IL,60647,164,True,"Had the beef sandwich at buck town art fair. Was great. Tonight we ate at the restaurant. Tried Bao to the Pork and What the Chuck
Both great . Oh and so...",809
hopsmith-tavern-chicago,Hopsmith Tavern,https://www.yelp.com/biz/hopsmith-tavern-chicago,4.0,"[Category(name='Sports Bars', alias='sportsbars'), Category(name='American (Traditional)', alias='tradamerican')]",['15 W Division Ave'],US,Chicago,IL,60610,126,True,Hopsmith Tavern has been on my list of must-tries since they took home the big prize at Yelp's Burger Fest a few months ago. I finally got the chance to try...,813
oromo-cafe-chicago,Oromo Cafe,https://www.yelp.com/biz/oromo-cafe-chicago,4.5,"[Category(name='Coffee & Tea', alias='coffee'), Category(name='Cafes', alias='cafes'), Category(name='Gluten-Free', alias='gluten_free')]",['4703 N Lincoln Ave'],US,Chicago,IL,60625,30,True,"I stumbled upon this place today and was sold on the Turkish coffee. The place has a very modern theme and the menu is pure conscious. No fake flavors, no...",817
horizon-cafe-chicago,Horizon Cafe,https://www.yelp.com/biz/horizon-cafe-chicago,4.0,"[Category(name='Burgers', alias='burgers'), Category(name='Sandwiches', alias='sandwiches'), Category(name='Breakfast & Brunch', alias='breakfast_brunch')]",['3805 N Broadway St'],US,Chicago,IL,60613,354,True,"Great find: great service, great prices, great food. We loved this place so much during our three day stay in Chicago that we came back every morning. 

A...",817
pizanos-pizza-chicago-2,Pizano's Pizza,https://www.yelp.com/biz/pizanos-pizza-chicago-2,3.5,"[Category(name='Pizza', alias='pizza'), Category(name='Italian', alias='italian')]",['61 E Madison St'],US,Chicago,IL,60603,974,True,"In town on business. Ordered wings and individual deep dish pizza (yes, I know that it was more than I could/should eat!).  Hot wings were jumbo and hot!...",823
jibaritos-y-más-chicago-4,Jibarito's y Más,https://www.yelp.com/biz/jibaritos-y-m%C3%A1s-chicago-4,3.5,"[Category(name='Puerto Rican', alias='puertorican')]",['3400 W Fullerton Ave'],US,Chicago,IL,60647,46,True,I didn't have a high bar set for this place...it's easy to find greasy alcapurrias and jibaritos around the city. The 3.5 stars on Yelp didn't impress me...,832
persona-wood-fired-pizzeria-chicago,Persona Wood Fired Pizzeria,https://www.yelp.com/biz/persona-wood-fired-pizzeria-chicago,4.0,"[Category(name='Pizza', alias='pizza')]",['170 W Washington St'],US,Chicago,IL,60602,48,True,"We went to Persona for a company event and we loved the place. 
All the pizza was delicious, fresh and looked great. I especially loved the chicken chipotle...",841
cookies-and-carnitas-chicago-2,Cookies & Carnitas,https://www.yelp.com/biz/cookies-and-carnitas-chicago-2,4.5,"[Category(name='Pizza', alias='pizza'), Category(name='Sandwiches', alias='sandwiches')]",['5757 N Broadway St'],US,Chicago,IL,60660,310,False,I love this Mexican byob place! First off I really love the casual atmosphere with the local artwork. The tacos are delicious and I got the aged skirt steak...,841
new-england-seafood-company-chicago,New England Seafood Company,https://www.yelp.com/biz/new-england-seafood-company-chicago,3.5,"[Category(name='Seafood Markets', alias='seafoodmarkets'), Category(name='Seafood', alias='seafood')]",['3341 N Lincoln Ave'],US,Chicago,IL,60657,471,True,"I was on the East Coast (Boston, Gloucester and Salem, MA) this weekend and all I could think about while devouring lobster rolls and clam chowder is HOW...",858
urban-counter-chicago,Urban Counter,https://www.yelp.com/biz/urban-counter-chicago,4.0,"[Category(name='Burgers', alias='burgers'), Category(name='Salad', alias='salad'), Category(name='Fast Food', alias='hotdogs')]",['1221 S Wabash Ave'],US,Chicago,IL,60605,27,True,"This place has REALLY GOOD FOOD. And it's all so fresh... which is shocking for a gas station.  But, why have to settle for over processed food, just...",862
fennel-and-iris-chicago,Fennel & Iris,https://www.yelp.com/biz/fennel-and-iris-chicago,4.0,"[Category(name='American (New)', alias='newamerican'), Category(name='Breakfast & Brunch', alias='breakfast_brunch')]",['1652 W Belmont Ave'],US,Chicago,IL,60657,52,True,"Went to a wedding shower there. The food was great, the space is intimate and cozy. Friendly, good service too!",867
red-door-chicago,Red Door,https://www.yelp.com/biz/red-door-chicago,3.5,"[Category(name='Gastropubs', alias='gastropubs'), Category(name='American (New)', alias='newamerican'), Category(name='Breakfast & Brunch', alias='breakfast_brunch')]",['2118 N Damen Ave'],US,Chicago,IL,60647,387,True,Come for brunch! We made reservations but arrived a few minutes late and they were really accommodating. Seating on the patio was in the shade which was...,876
blue-door-farm-stand-too-chicago-3,Blue Door Farm Stand Too,https://www.yelp.com/biz/blue-door-farm-stand-too-chicago-3,4.5,"[Category(name='Salad', alias='salad'), Category(name='Juice Bars & Smoothies', alias='juicebars'), Category(name='Sandwiches', alias='sandwiches')]",['711 W Armitage Ave'],US,Chicago,IL,60614,20,True,"Great food , freshly made . Great selection of sandwiches , soup, salad . Would recommend veggie wrap And a kale salad .",879
mamas-boy-chicago,Mama's Boy,https://www.yelp.com/biz/mamas-boy-chicago,4.5,"[Category(name='Italian', alias='italian'), Category(name='Pizza', alias='pizza')]",['445 North Dearborn St'],US,Chicago,IL,60654,21,True,"We chose Mama's Boy for my daughter's 29th birthday dinner. I have only nice comments to share, because everyone, from the moment we opened the door,...",882
blackies-chicago-4,Blackie's,https://www.yelp.com/biz/blackies-chicago-4,3.5,"[Category(name='American (Traditional)', alias='tradamerican'), Category(name='Burgers', alias='burgers'), Category(name='Bars', alias='bars')]",['755 S Clark St'],US,Chicago,IL,60605,197,True,I would definitely go back for the food. I had the Cowboy with home style fries and tea. Nothing special at first until you got to the burger. Absolutely...,883
andiamo-pizzaria-chicago,Andiamo Pizzaria,https://www.yelp.com/biz/andiamo-pizzaria-chicago,4.5,"[Category(name='Pizza', alias='pizza'), Category(name='Italian', alias='italian')]",['2814 N Halsted St'],US,Chicago,IL,60657,39,True,"Stop reading this review and go there!!!
WAIT, don't make the same mistake we did, bring your own beer!

So, on a typical day in July we decided to go out...",883
zoom-pizza-factory-chicago,Zoom Pizza Factory,https://www.yelp.com/biz/zoom-pizza-factory-chicago,4.0,"[Category(name='Pizza', alias='pizza')]",['2156 N Clybourn Ave'],US,Chicago,IL,60614,30,True,I love the concept of making my own pizza. And this place uses really fresh ingredients & some upscale ones that you don't usually find in a pizza...,884
horse-thief-hollow-chicago,Horse Thief Hollow,https://www.yelp.com/biz/horse-thief-hollow-chicago,4.0,"[Category(name='Breweries', alias='breweries'), Category(name='American (New)', alias='newamerican')]",['10426 S Western Ave'],US,Chicago,IL,60643,241,True,Second experience was much better! Our service was much friendlier and accessible! It was a Thursday night and we waited about 10 minutes to get seated. The...,885
brasa-roja-chicago-3,Brasa Roja,https://www.yelp.com/biz/brasa-roja-chicago-3,4.0,"[Category(name='Latin American', alias='latin')]",['3125 W Montrose Ave'],US,Chicago,IL,60618,216,True,"I absolutely love this place! I come here all the time. 

Great food at an unbeatable price! My favorites are the quarter chicken meal and the ribeye meal...",895
seoul-corea-chicago,Seoul Corea,https://www.yelp.com/biz/seoul-corea-chicago,3.5,"[Category(name='Korean', alias='korean')]",['1603 E 55th St'],US,Chicago,IL,60615,107,False,"This is the best restaurant in Hyde Park. When we are too busy or too tired to cook, we just come here, for food of Seoul Corea is the most decent...",903
glenns-diner-chicago,Glenns Diner,https://www.yelp.com/biz/glenns-diner-chicago,4.0,"[Category(name='Diners', alias='diners'), Category(name='Seafood', alias='seafood')]",['1820 W Montrose Ave'],US,Chicago,IL,60613,1033,True,"This place is a gem. I am a breakfast loving pescatarian, so when I found it I thought it was too good to be true. Honestly, I could live in here.
Deciding...",904
la-oaxaqueña-chicago-4,La Oaxaqueña,https://www.yelp.com/biz/la-oaxaque%C3%B1a-chicago-4,4.0,"[Category(name='Mexican', alias='mexican')]",['3382 N Milwaukee Ave'],US,Chicago,IL,60641,161,True,"Walking into La Oaxaqueña one immediately feels at home; the food, the service validates this.

The menu is large in breadth and thus has a multitude of...",908
lems-bbq-house-chicago,Lem's BBQ House,https://www.yelp.com/biz/lems-bbq-house-chicago,4.0,"[Category(name='Barbeque', alias='bbq'), Category(name='Chicken Wings', alias='chicken_wings')]",['311 E 75th St'],US,Chicago,IL,60619,143,True,"(Insert expletive) that was amazing Barbeque!! Maybe the best rib tips I've ever had. There is a down side to Lem's, it's not always 5 star quality. The...",909
crazy-crab-1-chicago-2,Crazy Crab #1,https://www.yelp.com/biz/crazy-crab-1-chicago-2,4.0,"[Category(name='Cajun/Creole', alias='cajun'), Category(name='Seafood', alias='seafood')]",['4650 N Clark St'],US,Chicago,IL,60640,47,True,Awesome food and awesome service! The owner comes to your table and greets you! The service was great and fast! Definitely going back love the 3 mix...,910
meatheads-chicago,Meatheads,https://www.yelp.com/biz/meatheads-chicago,4.0,"[Category(name='Burgers', alias='burgers')]",['3304 N Western Ave'],US,Chicago,IL,60618,125,True,I love this place. I order food togo nearly every saturday. The people at the door are always very nice and accurate. What I really like is over the last 2...,915
via-lima-chicago,Via Lima,https://www.yelp.com/biz/via-lima-chicago,4.0,"[Category(name='Peruvian', alias='peruvian')]",['4024 N Lincoln Ave'],US,Chicago,IL,60618,97,True,Came here on a Saturday evening really by coincidence walking by and looking at the menu. We were able to get a table right away and from there the food and...,919
el-nuevo-taco-loco-chicago,El Nuevo Taco Loco,https://www.yelp.com/biz/el-nuevo-taco-loco-chicago,4.5,"[Category(name='Mexican', alias='mexican')]",['1700 W Lawrence Ave'],US,Chicago,IL,60640,43,True,"The food is delicious!  They have a mix of Mexican and Puerto Rican food with amazing flavors!

The owner is super nice, I highly recommend it and I will be...",930
gayles-best-ever-grilled-cheese-chicago-3,Gayle's Best Ever Grilled Cheese,https://www.yelp.com/biz/gayles-best-ever-grilled-cheese-chicago-3,3.5,"[Category(name='American (New)', alias='newamerican')]","['108 N. State Street', 'Ste 27']",US,Chicago,IL,60602,26,True,"Stop being such a whiny cheap-skate. Gayle can absolutely make the claim of the ""Best Ever Grilled Cheese"", because you'd be hard pressed-I dare you-to find...",933
cafe-el-tapatio-chicago-4,Cafe El Tapatio,https://www.yelp.com/biz/cafe-el-tapatio-chicago-4,4.0,"[Category(name='Mexican', alias='mexican'), Category(name='Bars', alias='bars')]",['3400 N Ashland Ave'],US,Chicago,IL,60657,584,True,"I've visited here several times, ordering different dishes each visit, and have always come away raving about this place. Everything is delicious from their...",937
chicken-works-and-salad-company-chicago,Chicken Works & Salad Company,https://www.yelp.com/biz/chicken-works-and-salad-company-chicago,4.0,"[Category(name='Fast Food', alias='hotdogs'), Category(name='American (Traditional)', alias='tradamerican'), Category(name='Sandwiches', alias='sandwiches')]",['3658 W Irving Park Rd'],US,Chicago,IL,60618,192,True,Chicken Works is a great fresh option for the area with reasonable prices. The chicken Caesar wrap is my go-to because of the yummy meat and fresh veggies....,939
yard-house-chicago,Yard House,https://www.yelp.com/biz/yard-house-chicago,3.5,"[Category(name='Bars', alias='bars'), Category(name='Vegetarian', alias='vegetarian'), Category(name='American (New)', alias='newamerican')]",['1500 N Clybourn Ave'],US,Chicago,IL,60610,112,True,Went with my GF after shopping on Tuesday. We sat at the bar. We were lucky enough to get there and find out about their Happy Hour. $5 glasses of wine hit...,945
raymonds-hamburgers-chicago,Raymond's Hamburgers,https://www.yelp.com/biz/raymonds-hamburgers-chicago,4.0,"[Category(name='Burgers', alias='burgers'), Category(name='Mexican', alias='mexican')]",['2653 W Cermak Rd'],US,Chicago,IL,60608,21,False,My one and only affordable ribeye taco joint.  Meats are evenly seasoned and cooked in perfect temp.  Good meat portions.  The Original location - Raymond's...,946
the-southern-chicago,The Southern,https://www.yelp.com/biz/the-southern-chicago,3.5,"[Category(name='Southern', alias='southern'), Category(name='Bars', alias='bars'), Category(name='Comfort Food', alias='comfortfood')]",['1840 W North Ave'],US,Chicago,IL,60622,754,True,"I really like this place.
Have been here a few times but it seems like the service and menu have improved.
We got the cheese curds which were insanely good...",951
the-orbit-room-chicago,The Orbit Room,https://www.yelp.com/biz/the-orbit-room-chicago,4.0,"[Category(name='American (Traditional)', alias='tradamerican'), Category(name='Lounges', alias='lounges')]",['2959 N California Ave'],US,Chicago,IL,60618,304,True,I decided to try this place due to a recommendation. My friend and I chose to dine in the back patio area as we were told it is a nice area. The patio has a...,954
smack-dab-chicago-3,Smack Dab!,https://www.yelp.com/biz/smack-dab-chicago-3,5.0,"[Category(name='Coffee & Tea', alias='coffee'), Category(name='Breakfast & Brunch', alias='breakfast_brunch')]",['7006 N Glenwood Ave'],US,Chicago,IL,60626,65,True,"Oh my! So good! 

The breakfast sandwiches are so good! My favorite is the cornbread breakfast sandwich with the onion jam - it has such great flavors and...",958
heineken-pub97-chicago,Heineken Pub97,https://www.yelp.com/biz/heineken-pub97-chicago,5.0,"[Category(name='Sports Bars', alias='sportsbars'), Category(name='Burgers', alias='burgers')]",['3626 N Talman Ave'],US,Chicago,IL,60618,6,True,Great overall pub experience. I stopped in with a friend for a quick bite before dance rehearsal. We shared the pub fries and hot wings. Both were great!...,959
ikram-cafe-chicago-2,Ikram Cafe,https://www.yelp.com/biz/ikram-cafe-chicago-2,4.5,"[Category(name='American (New)', alias='newamerican')]",['15 E Huron Ave'],US,Chicago,IL,60611,22,False,My wife and I had an early lunch here on a recent Monday and found it to be a delightful experience and astonishingly good value at under $41 for the two of...,961
hot-bar-by-baker-miller-chicago,Hot Bar By Baker Miller,https://www.yelp.com/biz/hot-bar-by-baker-miller-chicago,4.0,"[Category(name='American (New)', alias='newamerican'), Category(name='Breakfast & Brunch', alias='breakfast_brunch'), Category(name='Fast Food', alias='hotdogs')]",['4642 N Francisco Ave'],US,Chicago,IL,60625,27,True,"Mm mm. So lovely, I wish I lived closer! I had the cheddar, sausage biscuit sandwich and it was amazing (I also got the last one!) Nitro iced coffee is fab...",964
idof-chicago,IDOF,https://www.yelp.com/biz/idof-chicago,4.0,"[Category(name='Mediterranean', alias='mediterranean'), Category(name='Middle Eastern', alias='mideastern'), Category(name='Vegan', alias='vegan')]",['60 E Jackson Blvd'],US,Chicago,IL,60604,45,True,"My favorite lunch in the loop. Fast, friendly and tons of food. Usually I'll have leftovers for dinner or a snack later in the day.

The chicken shawarma...",966
the-breakfast-lounge-chicago,The Breakfast Lounge,https://www.yelp.com/biz/the-breakfast-lounge-chicago,4.0,"[Category(name='Breakfast & Brunch', alias='breakfast_brunch')]",['2360 N Clybourn Ave'],US,Chicago,IL,60614,113,True,"My partner and I come here several times a month because we just love breakfast food. 

My favorite menu items involve chorizo (the Chorizo Skillet and the...",968
tacos-garcia-chicago,Tacos Garcia,https://www.yelp.com/biz/tacos-garcia-chicago,4.0,"[Category(name='Mexican', alias='mexican')]",['3329 W Armitage Ave'],US,Chicago,IL,60647,53,True,"The. Best. Tacos. 

As befits an establishment with ""tacos"" in its name, the tacos at Tacos Garcia are scrumptious. My quest for Chicago's best tacos has...",971
vincent-restaurant-chicago,Vincent Restaurant,https://www.yelp.com/biz/vincent-restaurant-chicago,4.5,"[Category(name='American (New)', alias='newamerican'), Category(name='Cocktail Bars', alias='cocktailbars'), Category(name='Wine Bars', alias='wine_bars')]",['1475 W Balmoral Ave'],US,Chicago,IL,60640,405,True,We recently celebrated my daughter's college graduation at VIncent with 17 family members (one of whom arrived last minute) and had a wonderful...,973
rogue-fusion-chicago,Rogue Fusion,https://www.yelp.com/biz/rogue-fusion-chicago,4.5,"[Category(name='Seafood', alias='seafood'), Category(name='Breakfast & Brunch', alias='breakfast_brunch'), Category(name='American (Traditional)', alias='tradamerican')]",['7027 N Clark St'],US,Chicago,IL,60626,41,True,"There's some talk around Rogers Park an it's Rogue Fusion what fantastic selection of food for breakfast. Had eggs benedict, the Hollandaise sauce was...",973
uncommon-ground-chicago,Uncommon Ground,https://www.yelp.com/biz/uncommon-ground-chicago,3.5,"[Category(name='Sandwiches', alias='sandwiches'), Category(name='American (New)', alias='newamerican'), Category(name='Seafood', alias='seafood')]",['3800 N Clark St'],US,Chicago,IL,60613,903,True,"This restaurant offers a variety of beers and local ingredients in all their dishes!

We paid this place a visit for a late brunch/lunch and got seated...",976
tonys-italian-beef-chicago,Tony's Italian Beef,https://www.yelp.com/biz/tonys-italian-beef-chicago,4.0,"[Category(name='Italian', alias='italian')]",['7007 S Pulaski Rd'],US,Chicago,IL,60629,69,False,"Love this place. Best beef sandwich in a 50 mile radius by far. On rare occasion I have sat down on one of a few barstools and ate there, but its almost a...",980
