derby-chicago,Derby,https://www.yelp.com/biz/derby-chicago,3.5,"[Category(name='Bars', alias='bars'), Category(name='Barbeque', alias='bbq')]",['1224 W Webster Ave'],US,Chicago,IL,60614,184,True,Went back to try this place out again and I am SO satisfied with my experience. The service was GREAT and the food was some of the best I've had in Lincoln...,0
yvolinas-tamales-chicago,Yvolina's Tamales,https://www.yelp.com/biz/yvolinas-tamales-chicago,5.0,"[Category(name='New Mexican Cuisine', alias='newmexican'), Category(name='Grocery', alias='grocery')]",['814 W 18th St'],US,Chicago,IL,60608,30,True,"Friendly women. 
Delicious, unique offerings. 
Tried pork, steak & chicken but our favorites were the quinoa+lentil, poblano+squash, & kale+pepper. 
Will be...",0
rojo-gusano-chicago-7,Rojo Gusano,https://www.yelp.com/biz/rojo-gusano-chicago-7,4.0,"[Category(name='Mexican', alias='mexican')]",['4217 N Ravenswood Ave'],US,Chicago,IL,60613,16,False,"Went there about an hour before closing on a Friday. 

3 of us ordered agua frescas, trio guac, tacos (pork belly = delicious!), black beans, empanadas, and...",9
roanoke-restaurant-chicago,Roanoke Restaurant,https://www.yelp.com/biz/roanoke-restaurant-chicago,4.5,"[Category(name='Cocktail Bars', alias='cocktailbars'), Category(name='American (New)', alias='newamerican'), Category(name='American (Traditional)', alias='tradamerican')]",['135 W Madison St'],US,Chicago,IL,60602,13,True,"Loved the ""clubby"" atmosphere, great service just for starters.  Now on top of that throw in delicious offerings and a totally classy feel to the place....",22
the-rabbit-hole-chicago-2,The Rabbit Hole,https://www.yelp.com/biz/the-rabbit-hole-chicago-2,3.5,"[Category(name='American (New)', alias='newamerican'), Category(name='Lounges', alias='lounges')]",['1208 N Wells St'],US,Chicago,IL,60610,21,True,"My fiancé and I decide to stop in for a drink last night after dinner as we loved the name bar! I ordered the ""The Fountain of Youth"" to drink and it was...",37
pleasant-house-bakery-chicago,Pleasant House Bakery,https://www.yelp.com/biz/pleasant-house-bakery-chicago,4.5,"[Category(name='Bakeries', alias='bakeries'), Category(name='British', alias='british')]",['2119 S Halsted St'],US,Chicago,IL,60608,493,True,"Fell in love many moons ago. I go here every time I'm in Chicago..!
Every pie is phenomenal AND tastes great with their chutney.
Desserts are great too. We...",39
birrieria-reyes-de-ocotlan-chicago,Birrieria Reyes de Ocotlan,https://www.yelp.com/biz/birrieria-reyes-de-ocotlan-chicago,4.5,"[Category(name='Mexican', alias='mexican')]",['1322 W 18th St'],US,Chicago,IL,60608,82,True,"This place is ""muy deliciosa!""  I haven't had my weekend Mexican food fix and was craving for some birria.  ""Birrerria Reyes de Ocotlan"" is located east of...",118
smalls-smoke-shack-and-more-chicago-5,Smalls. Smoke Shack & More,https://www.yelp.com/biz/smalls-smoke-shack-and-more-chicago-5,4.5,"[Category(name='Barbeque', alias='bbq'), Category(name='American (New)', alias='newamerican')]",['4009 N Albany'],US,Chicago,IL,60618,271,True,"We catered our party with some fried chicken, pulled pork and some smoked tofu (wife, what can I say?). 

Extra shout out to the friendly staff who helped...",218
kings-lincoln-park-chicago-3,Kings Lincoln Park,https://www.yelp.com/biz/kings-lincoln-park-chicago-3,4.5,"[Category(name='American (New)', alias='newamerican'), Category(name='Sports Bars', alias='sportsbars'), Category(name='Bowling', alias='bowling')]","['1500 N Clybourn Ave', 'Ste C102']",US,Chicago,IL,60610,53,True,"Five stars for the food. It tasted so good. 

It was really loud, but my companion and I were still able to have a good conversation--not quite yelling, but...",237
broken-shaker-chicago-chicago,Broken Shaker Chicago,https://www.yelp.com/biz/broken-shaker-chicago-chicago,4.0,"[Category(name='Cocktail Bars', alias='cocktailbars'), Category(name='American (New)', alias='newamerican')]","['Freehand Hotel', '19 E Ohio St']",US,Chicago,IL,60611,162,True,"Five stars for my cocktail: a concoction of george dickel 12 and bulliet bourbon, basil balsamic reduction, lemon, and ginger beer - served in a tall glass...",358
snarfs-chicago-4,Snarf's,https://www.yelp.com/biz/snarfs-chicago-4,4.0,"[Category(name='Sandwiches', alias='sandwiches'), Category(name='Salad', alias='salad'), Category(name='Italian', alias='italian')]",['955 W Webster'],US,Chicago,IL,60614,13,True,"The Chicagoan in me feels guilty for saying this, but Snarfs is better than Potbellys. I've been to 2 locations and both have had great service, the...",387
sophies-chicago-9,Sophie's,https://www.yelp.com/biz/sophies-chicago-9,4.0,"[Category(name='American (New)', alias='newamerican'), Category(name='Seafood', alias='seafood')]","['Saki Fifth Ave', '700 N Michigan Ave. Fl 7']",US,Chicago,IL,60611,50,True,"Hosted a baby luncheon here.

Love the space.  Very bright, nice, clean look.  Great views of the lake and the bustling city and skyscrapers.

We had a...",402
the-loyalist-chicago-3,The Loyalist,https://www.yelp.com/biz/the-loyalist-chicago-3,4.0,"[Category(name='American (New)', alias='newamerican'), Category(name='Cocktail Bars', alias='cocktailbars')]",['177 N Ada St'],US,Chicago,IL,60607,19,True,"I went to the Loyalist after work the other day. Pretty dope. 

First, I like how the website said Dress Code: come as you are. There's nothing I enjoy more...",449
harvest-moon-chicago-2,Harvest Moon,https://www.yelp.com/biz/harvest-moon-chicago-2,3.5,"[Category(name='Lounges', alias='lounges'), Category(name='American (New)', alias='newamerican'), Category(name='Cocktail Bars', alias='cocktailbars')]",['1805 W Division St'],US,Chicago,IL,60622,29,True,"Harvest Moon has a fantastic menu to choose from. Their beer list is great including craft brews from Illinois based breweries. 

They also have awesome...",463
front-bar-chicago,Front Bar,https://www.yelp.com/biz/front-bar-chicago,5.0,"[Category(name='Bars', alias='bars'), Category(name='Coffee & Tea', alias='coffee'), Category(name='Breakfast & Brunch', alias='breakfast_brunch')]",['1700 N Halsted St'],US,Chicago,IL,60614,4,True,Walked in on a double date. Perfect place to have a nice quiet evening with a drink (or a coffee if it suits you). You could read a book at a corner or sit...,470
la-parada-cafe-chicago,La Parada Cafe,https://www.yelp.com/biz/la-parada-cafe-chicago,5.0,"[Category(name='Cafes', alias='cafes')]",['2059 W 21st St'],US,Chicago,IL,60608,9,True,"Place is chill and plays reasonably good music.

Convenient for those living in west pilsen, drinks are HOT, hope this spot survives!",482
tumi-chicago,TUMI,https://www.yelp.com/biz/tumi-chicago,4.5,"[Category(name='Peruvian', alias='peruvian')]",['2727 W Fullerton Ave'],US,Chicago,IL,60647,7,False,"I could not be more satisfied.  I've tried various Peruvian food places and this has to be one of the best. 
For the price you get big portion and amazing...",482
fulton-market-kitchen-chicago,Fulton Market Kitchen,https://www.yelp.com/biz/fulton-market-kitchen-chicago,3.5,"[Category(name='American (Traditional)', alias='tradamerican'), Category(name='Lounges', alias='lounges')]",['311 N Sangamon St'],US,Chicago,IL,60607,237,True,"This restaurant would most definitely make it to my top 5 all across the world. 

Starting from the environment, you will be having dinner in an old...",493
naf-naf-grill-chicago-5,Naf Naf Grill,https://www.yelp.com/biz/naf-naf-grill-chicago-5,4.5,"[Category(name='Middle Eastern', alias='mideastern'), Category(name='Fast Food', alias='hotdogs')]",['14 S Clinton St'],US,Chicago,IL,60606,10,False,"So I live nearby this naf naf grill, and boy oh boy, I can't say i'm not addicted.  It all tastes so healthy and light, the pita is heaven.  Sure, it's a...",591
lou-mitchells-restaurant-and-bakery-chicago-2,Lou Mitchell's Restaurant & Bakery,https://www.yelp.com/biz/lou-mitchells-restaurant-and-bakery-chicago-2,3.5,"[Category(name='Breakfast & Brunch', alias='breakfast_brunch'), Category(name='Bakeries', alias='bakeries')]",['565 W Jackson Blvd'],US,Chicago,IL,60661,683,True,"We started our Route 66 journey here and this legendary diner was a fine beginning to our adventure. The food was typical diner fair, but everything was...",614
sunda-chicago-2,Sunda,https://www.yelp.com/biz/sunda-chicago-2,4.0,"[Category(name='Asian Fusion', alias='asianfusion'), Category(name='Sushi Bars', alias='sushi'), Category(name='Japanese', alias='japanese')]",['110 W Illinois St'],US,Chicago,IL,60654,2094,True,I took my parents and girlfriend there this past Saturday and was blown away. We started with the ginger salad and it was fresh with a tangy ginger...,617
fish-bar-chicago,Fish Bar,https://www.yelp.com/biz/fish-bar-chicago,4.0,"[Category(name='Seafood', alias='seafood'), Category(name='American (Traditional)', alias='tradamerican')]",['2956 N Sheffield Ave'],US,Chicago,IL,60657,796,True,"My boyfriend and I went here last night and the night started off kind of rough.  At first it took a very long time for our server to get to us, so at first...",634
frasca-pizzeria-and-wine-bar-chicago,Frasca Pizzeria and Wine Bar,https://www.yelp.com/biz/frasca-pizzeria-and-wine-bar-chicago,4.0,"[Category(name='Wine Bars', alias='wine_bars'), Category(name='Pizza', alias='pizza'), Category(name='Italian', alias='italian')]",['3358 N Paulina St'],US,Chicago,IL,60657,604,True,"They serve pizza here. I chose the Brussels sprout salad and it was excellent. You should try it. Had a mix of cauliflower as well with bacon. 

The bar is...",655
cemitas-puebla-chicago-11,Cemitas Puebla,https://www.yelp.com/biz/cemitas-puebla-chicago-11,3.5,"[Category(name='Mexican', alias='mexican')]",['1321 E 57th St'],US,Chicago,IL,60637,37,False,Veggie tacos were delicious. Two would be sufficient at a great price. I added avo & onions and it made my tacos quite tasty. The hubs got the Arabe Cemitas...,667
la-iguanita-chicago,La Iguanita,https://www.yelp.com/biz/la-iguanita-chicago,5.0,"[Category(name='Mexican', alias='mexican')]",['3733 S Kedzie Ave'],US,Chicago,IL,60632,8,False,Hands down some of the best steak in the city!!!! I could eat here 5 days a week.....,668
city-pool-hall-chicago,City Pool Hall,https://www.yelp.com/biz/city-pool-hall-chicago,4.0,"[Category(name='Pool Halls', alias='poolhalls'), Category(name='Sports Bars', alias='sportsbars'), Category(name='American (New)', alias='newamerican')]",['640 W Hubbard St'],US,Chicago,IL,60654,44,False,Came here randomly on a Saturday night. It was easy and laid back. There was no wait for a pool table and we were able to order some drinks and snacks...,672
dmk-burger-bar-chicago-6,DMK Burger Bar,https://www.yelp.com/biz/dmk-burger-bar-chicago-6,3.5,"[Category(name='Burgers', alias='burgers')]","['Navy Pier', '600 E Grand Ave']",US,Chicago,IL,60605,69,True,Really enjoyed our meal as part of a company outing last Thursday eve. The staff at DMK Burger couldn't have been nicer or more acommodating to our requests...,711
blackwood-bbq-chicago-5,Blackwood BBQ,https://www.yelp.com/biz/blackwood-bbq-chicago-5,4.0,"[Category(name='Barbeque', alias='bbq'), Category(name='Salad', alias='salad'), Category(name='Sandwiches', alias='sandwiches')]",['962 W Belmont Ave'],US,Chicago,IL,60657,61,True,"BW rated six stars in my book but made a star deduction  for music that was too dang loud.  ;)

Their offerings are relatively few but expertly done.  The...",717
immm-rice-and-beyond-chicago,Immm Rice and Beyond,https://www.yelp.com/biz/immm-rice-and-beyond-chicago,4.5,"[Category(name='Thai', alias='thai')]",['4949 N Broadway St'],US,Chicago,IL,60640,56,False,"I remember a Thai friend telling me how terrible the Thai food is in Chicago. Believe it or not, he works in a local Thai restaurant himself. The problem in...",721
uptown-pho-chicago,Uptown Pho,https://www.yelp.com/biz/uptown-pho-chicago,4.5,"[Category(name='Vietnamese', alias='vietnamese')]",['1010 W Argyle St'],US,Chicago,IL,60640,154,True,The restaurant is just a few minutes walk from the Argyll stop on the red line. The restaurant is clean and is a mom and pop type of place like most of the...,725
pearls-southern-comfort-chicago,Pearl's Southern Comfort,https://www.yelp.com/biz/pearls-southern-comfort-chicago,4.0,"[Category(name='Southern', alias='southern'), Category(name='Soul Food', alias='soulfood'), Category(name='Bars', alias='bars')]",['5352 N Broadway St'],US,Chicago,IL,60640,216,True,I really don't have one bad thing to say about Pearl's. The rooftop deck is adorable and a nice spot to have some drinks or small plates while waiting for a...,726
sze-chuan-cuisine-chicago,Sze Chuan Cuisine,https://www.yelp.com/biz/sze-chuan-cuisine-chicago,3.5,"[Category(name='Szechuan', alias='szechuan')]",['2414 S Wentworth Ave'],US,Chicago,IL,60616,78,True,"Pretty authentic szechaun food. We tried the mao pao tofu (my favorite here! yummy), the steamed fish and hollow stem with bean curd. Everything was good,...",727
machetes-big-quesadillas-chicago-5,Machetes Big Quesadillas,https://www.yelp.com/biz/machetes-big-quesadillas-chicago-5,4.0,"[Category(name='Mexican', alias='mexican')]",['4636 S. Cicero Ave'],US,Chicago,IL,60638,15,False,This place is damn good. Cochinita pibil is authentic. Someone actually cared to make it right! Totally fun place to eat and a really good value! Salsas are...,735
primo-chukis-chicago,Primo Chuki's,https://www.yelp.com/biz/primo-chukis-chicago,4.5,"[Category(name='Mexican', alias='mexican')]",['1726 W Lawrence'],US,Chicago,IL,60640,101,False,"This place rocks, people!  Such solid food and value.


They are very busy, so it keeps turnover on food. Everything tastes really fresh here.
Everyone is...",736
truenorth-chicago-2,TrueNorth,https://www.yelp.com/biz/truenorth-chicago-2,4.5,"[Category(name='Cafes', alias='cafes'), Category(name='Coffee & Tea', alias='coffee'), Category(name='Salad', alias='salad')]",['5507 N. Clark'],US,Chicago,IL,60640,31,True,"Great modern coffee shop without being too pretentious!
 I had to find a remote location to work while my home internet was out and chose True North based...",743
community-tavern-chicago-3,Community Tavern,https://www.yelp.com/biz/community-tavern-chicago-3,4.5,"[Category(name='Steakhouses', alias='steak'), Category(name='American (Traditional)', alias='tradamerican')]",['4038 N Milwaukee Ave'],US,Chicago,IL,60641,208,True,"Wonderful, Wonderful, Wonderful!! From the warm welcome from the manager, Jamie, to the superb service provided by our server, Jessie; from the...",744
reno-chicago,Reno,https://www.yelp.com/biz/reno-chicago,4.0,"[Category(name='American (Traditional)', alias='tradamerican'), Category(name='Pizza', alias='pizza'), Category(name='Bagels', alias='bagels')]",['2607 N Milwaukee Ave'],US,Chicago,IL,60647,343,True,"Casual and cool atmosphere, friendly service and excellent food.  Wood-fired, Neapolitan style pizza is now my new standard definition of what ""pizza"" is....",744
lawrences-fish-and-shrimp-chicago,Lawrence's Fish & Shrimp,https://www.yelp.com/biz/lawrences-fish-and-shrimp-chicago,3.5,"[Category(name='Seafood', alias='seafood')]",['2120 S Canal St'],US,Chicago,IL,60616,355,True,"I have ALWAYS wanted to go here.  Well, the BF took me one Saturday night around 11pm.   The crowd was mixed - some families, cops, sketchy looking, and a...",746
hopleaf-chicago,Hopleaf,https://www.yelp.com/biz/hopleaf-chicago,4.0,"[Category(name='Gastropubs', alias='gastropubs')]",['5148 N Clark St'],US,Chicago,IL,60640,1857,True,"Love the beer and food selection!

Go-to beer: delirium
Runner up: anything else Belgian, which they have plenty. 

Food is really good. Vibe is...",746
tip-top-inn-chicago,Tip Top Inn,https://www.yelp.com/biz/tip-top-inn-chicago,4.0,"[Category(name='American (Traditional)', alias='tradamerican'), Category(name='Lounges', alias='lounges')]",['1204 N State St'],US,Chicago,IL,60610,23,True,"was here yesterday as a sort of welcome solace from the rain just to hang out with my fellow gold coast neighbors.

The staff is very nice and makes you...",747
shokran-moroccan-restaurant-chicago,Shokran Moroccan Restaurant,https://www.yelp.com/biz/shokran-moroccan-restaurant-chicago,4.5,"[Category(name='Moroccan', alias='moroccan')]",['4027 W Irving Park'],US,Chicago,IL,60641,344,True,"Shokran 

You should definitely say Hello to this place in whatever language. Just make sure you stop by.  Vegans this is your spot.  So many options and...",750
las-delicias-de-puerto-rico-chicago,Las Delicias De Puerto Rico,https://www.yelp.com/biz/las-delicias-de-puerto-rico-chicago,4.5,"[Category(name='Puerto Rican', alias='puertorican')]",['4821 W Armitage Ave'],US,Chicago,IL,60639,15,False,This place is phenomenal. Omg the cook is the best in Chicago. I catered from here and everyone at my party was asking for a second plate. The cook seasons...,751
creperie-de-paris-chicago,Creperie De Paris,https://www.yelp.com/biz/creperie-de-paris-chicago,4.5,"[Category(name='Creperies', alias='creperies'), Category(name='French', alias='french')]",['1013 W Webster'],US,Chicago,IL,60614,38,True,"Yum!! Tiny, quick, and easy! Chicago needed more delicious Creperies and this one gets the job done! Awesome location, right off DePaul's Campus. 

I...",752
janes-chicago,Jane's,https://www.yelp.com/biz/janes-chicago,3.5,"[Category(name='Breakfast & Brunch', alias='breakfast_brunch'), Category(name='American (Traditional)', alias='tradamerican'), Category(name='Vegetarian', alias='vegetarian')]",['1655 W Cortland St'],US,Chicago,IL,60622,523,True,"Jane's is an excellent summer breakfast/brunch spot in Bucktown. 

Tasty food, plenty of patio seating, and it's dog friendly. They'll even bring a bowl of...",753
cafe-l-appetito-lakeview-chicago,Cafe L'Appetito - Lakeview,https://www.yelp.com/biz/cafe-l-appetito-lakeview-chicago,4.5,"[Category(name='Italian', alias='italian'), Category(name='Sandwiches', alias='sandwiches'), Category(name='Cafes', alias='cafes')]",['3332 N Broadway St'],US,Chicago,IL,60657,36,True,Love this neighborhood place. They set up shop in a corner storefront that has been the kiss of death for the past 3 places that have been there.   But they...,754
glaze-teriyaki-chicago,Glaze Teriyaki,https://www.yelp.com/biz/glaze-teriyaki-chicago,4.0,"[Category(name='Japanese', alias='japanese'), Category(name='Asian Fusion', alias='asianfusion')]",['3112 N Broadway'],US,Chicago,IL,60657,88,True,The salmon teriyaki platter is flavorful and healthy. The interior takes you into a calm cocoon away from the hectic street it lies on. My teenage 90's...,759
bread-and-wine-chicago,Bread & Wine,https://www.yelp.com/biz/bread-and-wine-chicago,4.0,"[Category(name='American (New)', alias='newamerican'), Category(name='Breakfast & Brunch', alias='breakfast_brunch'), Category(name='Wine Bars', alias='wine_bars')]",['3732 W Irving Park Rd'],US,Chicago,IL,60618,324,True,"Service started a little rocky,  but it was redeemed by the charming server. Chicken fried chicken was delicious and the sweet corn risotto really...",760
smashburger-chicago-2,Smashburger,https://www.yelp.com/biz/smashburger-chicago-2,4.0,"[Category(name='Burgers', alias='burgers')]",['2031 N Clybourn'],US,Chicago,IL,60614,108,True,Smashburger is one of my all time favorite burgers! I'm a fan of a simple and classic burger. I don't want my burger to fall apart when I pick it up. I...,761
ñ-chicago-3,Ñ,https://www.yelp.com/biz/%C3%B1-chicago-3,4.0,"[Category(name='Argentine', alias='argentine'), Category(name='Lounges', alias='lounges'), Category(name='Sports Bars', alias='sportsbars')]",['2977 N Elston Ave'],US,Chicago,IL,60618,209,True,"Best empanadas I tried in Chicago.
Steak is not so great, I'd go with Fogo de Chao for that. Still they have generous portions, good music and a nice...",761
primebar-chicago-2,Primebar,https://www.yelp.com/biz/primebar-chicago-2,3.5,"[Category(name='American (New)', alias='newamerican'), Category(name='Bars', alias='bars')]",['155 N Wacker Dr'],US,Chicago,IL,60606,197,True,"I love Prime Bar !! Great food, great service and great Drinks, perfect for business lunches, after work cocktails or  anything else 

 this place is great!!!",761
drews-on-halsted-chicago,Drew's on Halsted,https://www.yelp.com/biz/drews-on-halsted-chicago,4.0,"[Category(name='American (Traditional)', alias='tradamerican'), Category(name='Breakfast & Brunch', alias='breakfast_brunch'), Category(name='Cocktail Bars', alias='cocktailbars')]",['3201 N Halsted St'],US,Chicago,IL,60657,331,True,Great Sunday brunch and great service.  I was a little Leary of trying this place out as I wasn't crazy about it under its last incarnation but they really...,761
eggs-cafe-chicago,Eggs Cafe,https://www.yelp.com/biz/eggs-cafe-chicago,4.0,"[Category(name='Cafes', alias='cafes'), Category(name='American (Traditional)', alias='tradamerican'), Category(name='Breakfast & Brunch', alias='breakfast_brunch')]",['680 N Lake Shore Dr'],US,Chicago,IL,60611,47,True,"All I can say is I was amazed by how good our breakfast was at Eggs when we visited Chicago.

I can only hope they open a Philadelphia-area location some...",764
zaki-mediterranean-grill-chicago,Zaki Mediterranean Grill,https://www.yelp.com/biz/zaki-mediterranean-grill-chicago,4.0,"[Category(name='Mediterranean', alias='mediterranean'), Category(name='Middle Eastern', alias='mideastern')]",['610 W Roosevelt Rd'],US,Chicago,IL,60607,45,True,"I was a little torn about whether to go with three or four stars.  Honestly, Sultan's Market is way better (mostly the North ave location), however Sultan's...",765
creperia-nuevo-leon-chicago,Creperia Nuevo Leon,https://www.yelp.com/biz/creperia-nuevo-leon-chicago,4.5,"[Category(name='Creperies', alias='creperies')]",['1636 W 18th St'],US,Chicago,IL,60608,9,True,These guys have been open one month. My first time in was  great. Really nice decor. Crepes savory and sweet are all delicious. Fresh squeezed juices and a...,765
lulus-hot-dogs-chicago,Lulu's Hot Dogs,https://www.yelp.com/biz/lulus-hot-dogs-chicago,4.0,"[Category(name='Hot Dogs', alias='hotdog')]",['1000 S Leavitt St'],US,Chicago,IL,60612,70,False,"A really great find for a late night meal on a weekend night. We went in after a late tour to find a nearly empty restaurant. Which is surprising, but I...",765
habanero-baja-grill-chicago-5,Habanero Baja Grill,https://www.yelp.com/biz/habanero-baja-grill-chicago-5,4.0,"[Category(name='Mexican', alias='mexican'), Category(name='Seafood', alias='seafood')]",['2 N Riverside Plz'],US,Chicago,IL,60606,80,True,"They don't sell burritos.. So what.. If I got it right from the words of the staff, it's specific to this downtown location. It does make sense if you sit...",765
pizzaiolo-chicago,Pizzaiolo,https://www.yelp.com/biz/pizzaiolo-chicago,4.5,"[Category(name='Pizza', alias='pizza')]",['3704 N Broadway'],US,Chicago,IL,60613,26,False,I have not had a chance to try to many things from the menus as I am addicted to their white sauce pizza. Highly recommend.,768
vora-chicago,Vora,https://www.yelp.com/biz/vora-chicago,3.5,"[Category(name='Asian Fusion', alias='asianfusion'), Category(name='Taiwanese', alias='taiwanese'), Category(name='Dim Sum', alias='dimsum')]",['1028 N Clark St'],US,Chicago,IL,60610,243,True,"We were hesitant given the place only had three and a half starts but boy are we glad we gave it a shot!

The food was fresh and healthy and the service was...",775
sink-swim-chicago,Sink | Swim,https://www.yelp.com/biz/sink-swim-chicago,3.5,"[Category(name='Seafood', alias='seafood')]",['3213 W Armitage Ave'],US,Chicago,IL,60647,141,True,"I'm a fan. Great food, casual but intimate ambiance and solid service. 

Highlights include the seared scallops - yum yum yum! I also tried the shishito...",776
kabobi-grill-chicago,Kabobi Grill,https://www.yelp.com/biz/kabobi-grill-chicago,4.5,"[Category(name='Mediterranean', alias='mediterranean'), Category(name='Persian/Iranian', alias='persian')]",['4748 N Kedzie Ave'],US,Chicago,IL,60625,245,True,Oh soooo delicious! This is a gem that I found yesterday for dinner. I had a beef & lamb combo platter with dill rice that was fantastic. I also had Baba...,777
beef-shack-chicago,Beef Shack,https://www.yelp.com/biz/beef-shack-chicago,4.5,"[Category(name='Hot Dogs', alias='hotdog'), Category(name='Burgers', alias='burgers'), Category(name='Fast Food', alias='hotdogs')]",['1056 W Belmont Ave'],US,Chicago,IL,60657,61,True,Being a Born & bred Chicagoan my brother is a beefaholic.  Typically before he even stops at my house he hits Portillo's on the way from the airport as one...,781
la-cecina-chicago-3,La Cecina,https://www.yelp.com/biz/la-cecina-chicago-3,4.5,"[Category(name='Mexican', alias='mexican')]",['1536 W 18th St'],US,Chicago,IL,60608,10,True,The best service in Pilsen the best tacos the most flavorful and it's cheap  veryyyyy good COME TO THIS PLACE,781
el-metro-chicago-8,El Metro,https://www.yelp.com/biz/el-metro-chicago-8,4.0,"[Category(name='Mexican', alias='mexican')]",['1959 W Chicago Ave'],US,Chicago,IL,60622,79,True,We enjoyed our food - tacos and tostadas. Plenty of vegetarian and gluten-free options too. I tried a cactus taco for the first time and loved it. The...,783
the-cajun-connoisseur-chicago,The Cajun Connoisseur,https://www.yelp.com/biz/the-cajun-connoisseur-chicago,4.0,"[Category(name='Food Trucks', alias='foodtrucks'), Category(name='Cajun/Creole', alias='cajun')]",[],US,Chicago,IL,60608,23,True,Okay so I really like food trucks. The Cajun Connoisseur is in my top five. I like them so much I'm thinking I need to have some of their catering for my...,784
shawarma-inn-chicago-3,Shawarma Inn,https://www.yelp.com/biz/shawarma-inn-chicago-3,4.0,"[Category(name='Mediterranean', alias='mediterranean'), Category(name='Middle Eastern', alias='mideastern')]",['2011 N Damen Ave'],US,Chicago,IL,60647,27,True,"I am so glad there is a Mediterranean place walking distance from my place! Everything I've had here has been absolutely delicious, very well seasoned and...",786
bang-chop-thai-kitchen-chicago,Bang Chop Thai Kitchen,https://www.yelp.com/biz/bang-chop-thai-kitchen-chicago,3.5,"[Category(name='Thai', alias='thai')]",['605 West Lake Street'],US,Chicago,IL,60661,51,True,"I'm surprised about all the low reviews. I had a gilt city so I thought it was a perfect weeknight date night. 

We picked up a bottle of sake on the way...",787
caribbean-jerk-palace-chicago,Caribbean Jerk Palace,https://www.yelp.com/biz/caribbean-jerk-palace-chicago,4.0,"[Category(name='Caribbean', alias='caribbean')]",['3792 W 79th St'],US,Chicago,IL,60652,46,True,"The food is delicious and some of the best I've ever had, but this place has (and never fails) horrible customer service. I may just stop going because of...",787
cheesies-pub-and-grub-chicago-4,Cheesie's Pub & Grub,https://www.yelp.com/biz/cheesies-pub-and-grub-chicago-4,4.0,"[Category(name='Fast Food', alias='hotdogs'), Category(name='Sandwiches', alias='sandwiches')]",['1365 N. Milwaukee Ave.'],US,Chicago,IL,60622,42,True,"Love this place!  I come here almost every Wednesday for trivia

They also have about 15 TV's, so it's a great place to watch any game",790
sol-de-mexico-chicago,Sol de Mexico,https://www.yelp.com/biz/sol-de-mexico-chicago,4.0,"[Category(name='Mexican', alias='mexican')]",['3018 N Cicero Ave'],US,Chicago,IL,60641,203,True,"Stumbled upon this wonderful place because I was just looking for something around the DMV. 
It is AMAZING. Food is great and drinks are on point. 
Our...",793
foundation-room-chicago-2,Foundation Room,https://www.yelp.com/biz/foundation-room-chicago-2,4.0,"[Category(name='American (New)', alias='newamerican')]",['329 N Dearborn St'],US,Chicago,IL,60654,19,True,"We are new members at the Foundation Room.  We went for the first time last week...all I can say is WOW.  The food is fantastic, Chef Jack is a gem.  We had...",793
thai-bowl-chicago,Thai Bowl,https://www.yelp.com/biz/thai-bowl-chicago,3.5,"[Category(name='Thai', alias='thai')]",['1049 W Taylor St'],US,Chicago,IL,60607,334,False,Thai Bowl is one of those places that are a hit or miss..possibly a hidden gem of you enjoy Thai cuisine! Legit a hole in the wall! The reason this place...,793
cafe-urbano-chicago,Cafe Urbano,https://www.yelp.com/biz/cafe-urbano-chicago,4.5,"[Category(name='Cafes', alias='cafes'), Category(name='Coffee & Tea', alias='coffee'), Category(name='Italian', alias='italian')]",['4176 N Elston Ave'],US,Chicago,IL,60618,109,True,"On a well shaded little corner in the most unexpected of places, one finds respite... Respite and sandwiches!

I've been Urbano twice in two days for lunch...",800
cheesies-pub-and-grub-chicago,Cheesie's Pub & Grub,https://www.yelp.com/biz/cheesies-pub-and-grub-chicago,4.0,"[Category(name='Sandwiches', alias='sandwiches'), Category(name='Pubs', alias='pubs'), Category(name='American (New)', alias='newamerican')]",['958 W Belmont Ave'],US,Chicago,IL,60657,951,True,"It breaks my heart to take away a star, because Cheesie's is one of the world's most beautiful restaurants in the world. The amount of hilarious...",802
döner-men-chicago-4,Döner Men,https://www.yelp.com/biz/d%C3%B6ner-men-chicago-4,4.0,"[Category(name='Food Trucks', alias='foodtrucks'), Category(name='German', alias='german'), Category(name='Caterers', alias='catering')]",['116 N Aberdeen St'],US,Chicago,IL,60607,44,True,"It's awesome that they can make any of their entrees vegetarian (except for the poutine).

I had the vegetarian box and the veggies and sauce were really...",804
spacca-napoli-chicago,Spacca Napoli,https://www.yelp.com/biz/spacca-napoli-chicago,4.0,"[Category(name='Pizza', alias='pizza'), Category(name='Italian', alias='italian')]",['1769 W Sunnyside Ave'],US,Chicago,IL,60640,1129,True,Great experience!!! Read about this place and we wanted to try it out. Wasn't disappointed at all :) The ambiance is cute and well lit up. The hosts and...,806
pork-and-mindys-chicago,Pork & Mindy's,https://www.yelp.com/biz/pork-and-mindys-chicago,3.5,"[Category(name='Sandwiches', alias='sandwiches')]",['1623 N Milwaukee Ave'],US,Chicago,IL,60647,164,True,"Had the beef sandwich at buck town art fair. Was great. Tonight we ate at the restaurant. Tried Bao to the Pork and What the Chuck
Both great . Oh and so...",809
hopsmith-tavern-chicago,Hopsmith Tavern,https://www.yelp.com/biz/hopsmith-tavern-chicago,4.0,"[Category(name='Sports Bars', alias='sportsbars'), Category(name='American (Traditional)', alias='tradamerican')]",['15 W Division Ave'],US,Chicago,IL,60610,126,True,Hopsmith Tavern has been on my list of must-tries since they took home the big prize at Yelp's Burger Fest a few months ago. I finally got the chance to try...,813
windy-city-bbq-classic-chicago-2,Windy City BBQ Classic,https://www.yelp.com/biz/windy-city-bbq-classic-chicago-2,4.5,"[Category(name='Barbeque', alias='bbq')]",['1410 Museum Campus Dr'],US,Chicago,IL,60605,5,False,"First off if you like meat, love beer and great entertainment then you just missed one of the best events this year.  This was my first time attending the...",815
beat-kitchen-chicago,Beat Kitchen,https://www.yelp.com/biz/beat-kitchen-chicago,3.5,"[Category(name='Restaurants', alias='restaurants'), Category(name='Venues & Event Spaces', alias='venues')]",['2100 W Belmont Ave'],US,Chicago,IL,60618,251,True,One of the best places in Chicago for lovers of decent music. Cozy but not the way fake cozy places are and friendly. If this place were in Germany they...,816
rockwells-neighborhood-grill-chicago-2,Rockwell's Neighborhood Grill,https://www.yelp.com/biz/rockwells-neighborhood-grill-chicago-2,4.0,"[Category(name='American (New)', alias='newamerican'), Category(name='Burgers', alias='burgers')]",['4632 N Rockwell St'],US,Chicago,IL,60625,349,True,"I'm almost afraid to write a review because this is my favorite bar and I don't want more people packing it in. 

The food is always great, with unique...",817
oromo-cafe-chicago,Oromo Cafe,https://www.yelp.com/biz/oromo-cafe-chicago,4.5,"[Category(name='Coffee & Tea', alias='coffee'), Category(name='Cafes', alias='cafes'), Category(name='Gluten-Free', alias='gluten_free')]",['4703 N Lincoln Ave'],US,Chicago,IL,60625,30,True,"I stumbled upon this place today and was sold on the Turkish coffee. The place has a very modern theme and the menu is pure conscious. No fake flavors, no...",817
horizon-cafe-chicago,Horizon Cafe,https://www.yelp.com/biz/horizon-cafe-chicago,4.0,"[Category(name='Burgers', alias='burgers'), Category(name='Sandwiches', alias='sandwiches'), Category(name='Breakfast & Brunch', alias='breakfast_brunch')]",['3805 N Broadway St'],US,Chicago,IL,60613,354,True,"Great find: great service, great prices, great food. We loved this place so much during our three day stay in Chicago that we came back every morning. 

A...",817
rivers-chicago,Rivers,https://www.yelp.com/biz/rivers-chicago,3.5,"[Category(name='American (New)', alias='newamerican'), Category(name='Seafood', alias='seafood')]",['30 S Wacker Dr'],US,Chicago,IL,60606,270,True,"I came here for a company lunch with 4 others, and it was overall a good experience! We made a reservation in advance for 11.45am, and it was definitely not...",818
pizanos-pizza-chicago-2,Pizano's Pizza,https://www.yelp.com/biz/pizanos-pizza-chicago-2,3.5,"[Category(name='Pizza', alias='pizza'), Category(name='Italian', alias='italian')]",['61 E Madison St'],US,Chicago,IL,60603,974,True,"In town on business. Ordered wings and individual deep dish pizza (yes, I know that it was more than I could/should eat!).  Hot wings were jumbo and hot!...",823
mr-ds-shish-kabobs-chicago,Mr D's Shish-Kabobs,https://www.yelp.com/biz/mr-ds-shish-kabobs-chicago,4.5,"[Category(name='Fast Food', alias='hotdogs')]",['6656 W Diversey Ave'],US,Chicago,IL,60707,98,True,"Amazing.

I love the hot dogs, double cheeseburgers, Italian Beef, and shish-kabobs. I won't buy hotdogs at the grocery store unless they are Vienna brand...",827
jibaritos-y-más-chicago-4,Jibarito's y Más,https://www.yelp.com/biz/jibaritos-y-m%C3%A1s-chicago-4,3.5,"[Category(name='Puerto Rican', alias='puertorican')]",['3400 W Fullerton Ave'],US,Chicago,IL,60647,46,True,I didn't have a high bar set for this place...it's easy to find greasy alcapurrias and jibaritos around the city. The 3.5 stars on Yelp didn't impress me...,832
broken-english-taco-pub-chicago,Broken English Taco Pub,https://www.yelp.com/biz/broken-english-taco-pub-chicago,3.5,"[Category(name='Mexican', alias='mexican'), Category(name='Pubs', alias='pubs')]",['75 E Lake St'],US,Chicago,IL,60601,130,False,"We sat outside because it's gorgeous so, why the hell not?

We were served quickly, though our waiter seemed a little overwhelmed by us when we asked for...",835
the-scout-chicago-3,The Scout,https://www.yelp.com/biz/the-scout-chicago-3,3.0,"[Category(name='Sports Bars', alias='sportsbars'), Category(name='American (New)', alias='newamerican'), Category(name='Breakfast & Brunch', alias='breakfast_brunch')]",['1301 S Wabash Ave'],US,Chicago,IL,60605,511,True,"Absolutely incredible 
In town for few days, would recommend this to everyone. Food and service is great. The bread pudding is phenomenal 
Many many beers...",840
persona-wood-fired-pizzeria-chicago,Persona Wood Fired Pizzeria,https://www.yelp.com/biz/persona-wood-fired-pizzeria-chicago,4.0,"[Category(name='Pizza', alias='pizza')]",['170 W Washington St'],US,Chicago,IL,60602,48,True,"We went to Persona for a company event and we loved the place. 
All the pizza was delicious, fresh and looked great. I especially loved the chicken chipotle...",841
city-cafe-chicago-2,City Cafe,https://www.yelp.com/biz/city-cafe-chicago-2,4.5,"[Category(name='Diners', alias='diners'), Category(name='Breakfast & Brunch', alias='breakfast_brunch')]",['3234 N Pulaski'],US,Chicago,IL,60618,59,False,Absolutely love this place! It's delicious and reasonably priced. I usually get the chilaquiles or veggie omelette and the coffee is really good. Eli is my...,841
tweet-chicago,Tweet,https://www.yelp.com/biz/tweet-chicago,4.0,"[Category(name='American (New)', alias='newamerican'), Category(name='Breakfast & Brunch', alias='breakfast_brunch'), Category(name='Gluten-Free', alias='gluten_free')]",['5020 N Sheridan Rd'],US,Chicago,IL,60640,1269,True,"So we're sitting here on our anniversary and the fiance says to me ""I need to eat a breakfast burrito. It's really bad, I need you to find a place like...",841
cookies-and-carnitas-chicago-2,Cookies & Carnitas,https://www.yelp.com/biz/cookies-and-carnitas-chicago-2,4.5,"[Category(name='Pizza', alias='pizza'), Category(name='Sandwiches', alias='sandwiches')]",['5757 N Broadway St'],US,Chicago,IL,60660,310,False,I love this Mexican byob place! First off I really love the casual atmosphere with the local artwork. The tacos are delicious and I got the aged skirt steak...,841
old-town-social-chicago,Old Town Social,https://www.yelp.com/biz/old-town-social-chicago,3.5,"[Category(name='American (Traditional)', alias='tradamerican'), Category(name='American (New)', alias='newamerican')]",['455 W North Ave'],US,Chicago,IL,60610,556,True,"I recently went to Old Town Social to watch the NBA Finals. This was one of the best ""bar game watching"" experiences I had in a long time due to the food,...",841
ftw-chicago-chicago,FTW Chicago,https://www.yelp.com/biz/ftw-chicago-chicago,3.5,"[Category(name='Arcades', alias='arcades'), Category(name='Gastropubs', alias='gastropubs')]","['River East Center', '322 E Illinois St']",US,Chicago,IL,60611,74,True,The Rundown: Really fun spot! Think of like a more upscale and cleaner Dave & Busters with a gastropub with decent beer tap selection and small...,843
rock-bottom-restaurant-and-brewery-chicago,Rock Bottom Restaurant & Brewery,https://www.yelp.com/biz/rock-bottom-restaurant-and-brewery-chicago,3.5,"[Category(name='American (Traditional)', alias='tradamerican'), Category(name='Sandwiches', alias='sandwiches'), Category(name='Burgers', alias='burgers')]",['1 W Grand Ave'],US,Chicago,IL,60610,814,True,"Once more unto the Rock, in search of their current rotating taps.  This time I introduced my liver to:

- Barrel-Aged Gin Blitz Tripel, aged in FEW gin...",844
the-zodiac-room-chicago,The Zodiac Room,https://www.yelp.com/biz/the-zodiac-room-chicago,4.0,"[Category(name='American (Traditional)', alias='tradamerican'), Category(name='Bars', alias='bars')]","['737 N Michigan Ave', '4th Fl']",US,Chicago,IL,60601,29,False,"Best salads anywhere!  Pricey but food and service is fantastic so worth every fresh, tasty penny! I would say soecial occasion kind of place but food is so...",845
azteca-grill-chicago-2,Azteca Grill,https://www.yelp.com/biz/azteca-grill-chicago-2,4.0,"[Category(name='Mexican', alias='mexican')]",['3731 N Clark St'],US,Chicago,IL,60613,372,True,"I have absolutely nothing but praise for Azteca. My boyfriend and I have lived in the area for a little while now, and this is our FAVORITE Mexican. The...",851
leghorn-chicken-chicago,Leghorn Chicken,https://www.yelp.com/biz/leghorn-chicken-chicago,3.5,"[Category(name='Sandwiches', alias='sandwiches')]",['959 N Western Ave'],US,Chicago,IL,60622,279,True,"This time I came for the chicken. 

Nashville Hot on a biscuit with rancho verde and bbq on the side.  The chicken was very good no doubt but I thought a...",856
the-waterhole-chicago-chicago,The Waterhole-Chicago,https://www.yelp.com/biz/the-waterhole-chicago-chicago,5.0,"[Category(name='Jazz & Blues', alias='jazzandblues'), Category(name='Soul Food', alias='soulfood'), Category(name='Pizza', alias='pizza')]",['1400 So. Western'],US,Chicago,IL,60608,4,False,"Everyone needs to come here. It's a hidden gem that's too hidden. Amazing blues with some real soul and such welcoming people.

Also the fried chicken.

THE...",856
palenque-chicago,Palenque,https://www.yelp.com/biz/palenque-chicago,4.5,"[Category(name='Mexican', alias='mexican')]",['2756 W 55th St'],US,Chicago,IL,60632,19,False,"I ordered a half chicken, 8ozs of rice and coleslaw all for 11 dollars, the chicken also came with a stack of corn tortillas. I got my order in less than 5...",856
new-england-seafood-company-chicago,New England Seafood Company,https://www.yelp.com/biz/new-england-seafood-company-chicago,3.5,"[Category(name='Seafood Markets', alias='seafoodmarkets'), Category(name='Seafood', alias='seafood')]",['3341 N Lincoln Ave'],US,Chicago,IL,60657,471,True,"I was on the East Coast (Boston, Gloucester and Salem, MA) this weekend and all I could think about while devouring lobster rolls and clam chowder is HOW...",858
miss-saigon-restaurant-chicago,Miss Saigon Restaurant,https://www.yelp.com/biz/miss-saigon-restaurant-chicago,4.5,"[Category(name='Vietnamese', alias='vietnamese')]",['1129 W. Argyle st'],US,Chicago,IL,60640,33,True,"Best Pho in town! (Chicago) seriously, I am a local and I have tried many Pho restaurants in Argyle/Broadway, Skokie, Lincolnwood and this spot is hands...",860
urban-counter-chicago,Urban Counter,https://www.yelp.com/biz/urban-counter-chicago,4.0,"[Category(name='Burgers', alias='burgers'), Category(name='Salad', alias='salad'), Category(name='Fast Food', alias='hotdogs')]",['1221 S Wabash Ave'],US,Chicago,IL,60605,27,True,"This place has REALLY GOOD FOOD. And it's all so fresh... which is shocking for a gas station.  But, why have to settle for over processed food, just...",862
fennel-and-iris-chicago,Fennel & Iris,https://www.yelp.com/biz/fennel-and-iris-chicago,4.0,"[Category(name='American (New)', alias='newamerican'), Category(name='Breakfast & Brunch', alias='breakfast_brunch')]",['1652 W Belmont Ave'],US,Chicago,IL,60657,52,True,"Went to a wedding shower there. The food was great, the space is intimate and cozy. Friendly, good service too!",867
barcocina-chicago,Barcocina,https://www.yelp.com/biz/barcocina-chicago,3.0,"[Category(name='Mexican', alias='mexican')]",['2901 N Sheffield'],US,Chicago,IL,60657,273,True,"New to Lakeview from Streeterville, so I'm going to try to review the neighborhood spots as I hit them! Saw Barcocina from the El and knew, considering its...",868
cafe-bella-chicago,Cafe Bella,https://www.yelp.com/biz/cafe-bella-chicago,4.0,"[Category(name='Latin American', alias='latin'), Category(name='Coffee & Tea', alias='coffee'), Category(name='American (New)', alias='newamerican')]",['3311 W Fullerton Ave'],US,Chicago,IL,60647,294,True,"Cafe Bella is the best restaurant in Logan square! I have tried several things from Cafe Bella and I was pleasantly impressed and satisfied each time. 
The...",873
clandestino-supper-club-chicago-2,Clandestino Supper Club,https://www.yelp.com/biz/clandestino-supper-club-chicago-2,4.0,"[Category(name='American (New)', alias='newamerican')]",[],US,Chicago,IL,60608,16,False,Go for the mindbending experience alone. Dinner was like being on the set of a Wes Anderson movie. It took place in a family's home in Pilsen that used to...,873
calumet-fisheries-chicago-4,Calumet Fisheries,https://www.yelp.com/biz/calumet-fisheries-chicago-4,4.5,"[Category(name='Seafood', alias='seafood')]",['3259 E 95th St'],US,Chicago,IL,60617,312,True,What a culinary adventure! I've been wanting to go here like many others ever since I saw it featured on Anthony Bourdain's tv show. What stopped me was the...,875
red-door-chicago,Red Door,https://www.yelp.com/biz/red-door-chicago,3.5,"[Category(name='Gastropubs', alias='gastropubs'), Category(name='American (New)', alias='newamerican'), Category(name='Breakfast & Brunch', alias='breakfast_brunch')]",['2118 N Damen Ave'],US,Chicago,IL,60647,387,True,Come for brunch! We made reservations but arrived a few minutes late and they were really accommodating. Seating on the patio was in the shade which was...,876
ciprianis-pizza-chicago,Cipriani's Pizza,https://www.yelp.com/biz/ciprianis-pizza-chicago,4.5,"[Category(name='Pizza', alias='pizza')]",['5840 W 63rd St'],US,Chicago,IL,60638,64,False,By far the best pizza place. My family and I have been ordering from ciprianis for years. All the workers are very nice. The pizza is never delivered late...,877
county-barbeque-chicago,County Barbeque,https://www.yelp.com/biz/county-barbeque-chicago,4.0,"[Category(name='Barbeque', alias='bbq')]",['1352 W Taylor St'],US,Chicago,IL,60607,378,True,"Came here once on a Tuesday, when they had a deal on rib tips. 

Ordered: rib tips, macaroni and cheese, and whiskey sour with grenadine

DRINKS: The...",878
blue-door-farm-stand-too-chicago-3,Blue Door Farm Stand Too,https://www.yelp.com/biz/blue-door-farm-stand-too-chicago-3,4.5,"[Category(name='Salad', alias='salad'), Category(name='Juice Bars & Smoothies', alias='juicebars'), Category(name='Sandwiches', alias='sandwiches')]",['711 W Armitage Ave'],US,Chicago,IL,60614,20,True,"Great food , freshly made . Great selection of sandwiches , soup, salad . Would recommend veggie wrap And a kale salad .",879
mamas-boy-chicago,Mama's Boy,https://www.yelp.com/biz/mamas-boy-chicago,4.5,"[Category(name='Italian', alias='italian'), Category(name='Pizza', alias='pizza')]",['445 North Dearborn St'],US,Chicago,IL,60654,21,True,"We chose Mama's Boy for my daughter's 29th birthday dinner. I have only nice comments to share, because everyone, from the moment we opened the door,...",882
blackies-chicago-4,Blackie's,https://www.yelp.com/biz/blackies-chicago-4,3.5,"[Category(name='American (Traditional)', alias='tradamerican'), Category(name='Burgers', alias='burgers'), Category(name='Bars', alias='bars')]",['755 S Clark St'],US,Chicago,IL,60605,197,True,I would definitely go back for the food. I had the Cowboy with home style fries and tea. Nothing special at first until you got to the burger. Absolutely...,883
andiamo-pizzaria-chicago,Andiamo Pizzaria,https://www.yelp.com/biz/andiamo-pizzaria-chicago,4.5,"[Category(name='Pizza', alias='pizza'), Category(name='Italian', alias='italian')]",['2814 N Halsted St'],US,Chicago,IL,60657,39,True,"Stop reading this review and go there!!!
WAIT, don't make the same mistake we did, bring your own beer!

So, on a typical day in July we decided to go out...",883
zoom-pizza-factory-chicago,Zoom Pizza Factory,https://www.yelp.com/biz/zoom-pizza-factory-chicago,4.0,"[Category(name='Pizza', alias='pizza')]",['2156 N Clybourn Ave'],US,Chicago,IL,60614,30,True,I love the concept of making my own pizza. And this place uses really fresh ingredients & some upscale ones that you don't usually find in a pizza...,884
horse-thief-hollow-chicago,Horse Thief Hollow,https://www.yelp.com/biz/horse-thief-hollow-chicago,4.0,"[Category(name='Breweries', alias='breweries'), Category(name='American (New)', alias='newamerican')]",['10426 S Western Ave'],US,Chicago,IL,60643,241,True,Second experience was much better! Our service was much friendlier and accessible! It was a Thursday night and we waited about 10 minutes to get seated. The...,885
takos-koreanos-chicago-4,Takos Koreanos,https://www.yelp.com/biz/takos-koreanos-chicago-4,4.0,"[Category(name='Korean', alias='korean'), Category(name='Asian Fusion', alias='asianfusion'), Category(name='Mexican', alias='mexican')]",['1706 W Foster Ave'],US,Chicago,IL,60640,235,True,"A wonderful fusion of Mexican and Korean food and I would argue that their tortilla chips are the best in Chicago. 

My personal favorite menu item is the...",891
joes-po-boy-restaurant-chicago,Joe's Po Boy Restaurant,https://www.yelp.com/biz/joes-po-boy-restaurant-chicago,4.5,"[Category(name='Vietnamese', alias='vietnamese'), Category(name='American (New)', alias='newamerican'), Category(name='Juice Bars & Smoothies', alias='juicebars')]",['1247 S Western Ave'],US,Chicago,IL,60608,8,True,"The food here is actually amazing!!! I wish they would stick to Vietnamese though , or atleast Asian. I feel weird getting bahn mi at a place that sells hot...",891
earls-bbq-chicago-2,Earl's BBQ,https://www.yelp.com/biz/earls-bbq-chicago-2,4.0,"[Category(name='Donuts', alias='donuts'), Category(name='Barbeque', alias='bbq')]",['4835 N Austin'],US,Chicago,IL,60630,106,True,"Talk about hidden gem! 

We live so close to this place and never caught our attention to go in. First off, very small cute. Probably an old fast food diner...",892
brasa-roja-chicago-3,Brasa Roja,https://www.yelp.com/biz/brasa-roja-chicago-3,4.0,"[Category(name='Latin American', alias='latin')]",['3125 W Montrose Ave'],US,Chicago,IL,60618,216,True,"I absolutely love this place! I come here all the time. 

Great food at an unbeatable price! My favorites are the quarter chicken meal and the ribeye meal...",895
demichaels-market-chicago,De'Michaels Market,https://www.yelp.com/biz/demichaels-market-chicago,4.5,"[Category(name='Delis', alias='delis'), Category(name='Grocery', alias='grocery')]",['42 E 26th St'],US,Chicago,IL,60616,14,False,"This store may be smaller than you are used to, but boy is it mighty! They have homemade goods from local bakers including taffy grapes (SOOO good). Boars...",895
mahalo-chicago,Mahalo,https://www.yelp.com/biz/mahalo-chicago,3.5,"[Category(name='Hawaiian', alias='hawaiian')]",['1501 N Milwaukee Ave'],US,Chicago,IL,60622,172,True,"Mahalo is the perfect place to grab drinks, apps, and smaller entrees with a large group of girls! They have plenty of group seating available, including a...",896
herb-chicago,Herb,https://www.yelp.com/biz/herb-chicago,4.5,"[Category(name='Thai', alias='thai')]",['5424 N Broadway St'],US,Chicago,IL,60640,126,True,Herb is an amazing restaurant.  Love the seasonal menu!!  Chef Patty treats you like family and comes out to talk to her guest!!  The service is great and...,898
seoul-corea-chicago,Seoul Corea,https://www.yelp.com/biz/seoul-corea-chicago,3.5,"[Category(name='Korean', alias='korean')]",['1603 E 55th St'],US,Chicago,IL,60615,107,False,"This is the best restaurant in Hyde Park. When we are too busy or too tired to cook, we just come here, for food of Seoul Corea is the most decent...",903
glenns-diner-chicago,Glenns Diner,https://www.yelp.com/biz/glenns-diner-chicago,4.0,"[Category(name='Diners', alias='diners'), Category(name='Seafood', alias='seafood')]",['1820 W Montrose Ave'],US,Chicago,IL,60613,1033,True,"This place is a gem. I am a breakfast loving pescatarian, so when I found it I thought it was too good to be true. Honestly, I could live in here.
Deciding...",904
la-oaxaqueña-chicago-4,La Oaxaqueña,https://www.yelp.com/biz/la-oaxaque%C3%B1a-chicago-4,4.0,"[Category(name='Mexican', alias='mexican')]",['3382 N Milwaukee Ave'],US,Chicago,IL,60641,161,True,"Walking into La Oaxaqueña one immediately feels at home; the food, the service validates this.

The menu is large in breadth and thus has a multitude of...",908
lems-bbq-house-chicago,Lem's BBQ House,https://www.yelp.com/biz/lems-bbq-house-chicago,4.0,"[Category(name='Barbeque', alias='bbq'), Category(name='Chicken Wings', alias='chicken_wings')]",['311 E 75th St'],US,Chicago,IL,60619,143,True,"(Insert expletive) that was amazing Barbeque!! Maybe the best rib tips I've ever had. There is a down side to Lem's, it's not always 5 star quality. The...",909
giordanos-chicago-22,Giordano's,https://www.yelp.com/biz/giordanos-chicago-22,3.5,"[Category(name='Pizza', alias='pizza'), Category(name='Salad', alias='salad'), Category(name='Italian', alias='italian')]","['1340 S Michigan', 'South Loop']",US,Chicago,IL,60605,237,True,"In my personal opinion, Giordano's trumps over Lou Malnati's in a deep dish pizza. We got the small deep dish pizza. That alone has 6 gigantic slices of...",910
crazy-crab-1-chicago-2,Crazy Crab #1,https://www.yelp.com/biz/crazy-crab-1-chicago-2,4.0,"[Category(name='Cajun/Creole', alias='cajun'), Category(name='Seafood', alias='seafood')]",['4650 N Clark St'],US,Chicago,IL,60640,47,True,Awesome food and awesome service! The owner comes to your table and greets you! The service was great and fast! Definitely going back love the 3 mix...,910
meatheads-chicago,Meatheads,https://www.yelp.com/biz/meatheads-chicago,4.0,"[Category(name='Burgers', alias='burgers')]",['3304 N Western Ave'],US,Chicago,IL,60618,125,True,I love this place. I order food togo nearly every saturday. The people at the door are always very nice and accurate. What I really like is over the last 2...,915
slims-chicago,Slim's,https://www.yelp.com/biz/slims-chicago,4.5,"[Category(name='Sandwiches', alias='sandwiches'), Category(name='Hot Dogs', alias='hotdog'), Category(name='American (Traditional)', alias='tradamerican')]",['2020 W Montrose Ave'],US,Chicago,IL,60618,205,True,"The night I moved to Chicago, I ordered Slims. It was my first Chicago food delivery experience. I ordered two hotdogs and fries and I wasn't disappointed....",916
via-lima-chicago,Via Lima,https://www.yelp.com/biz/via-lima-chicago,4.0,"[Category(name='Peruvian', alias='peruvian')]",['4024 N Lincoln Ave'],US,Chicago,IL,60618,97,True,Came here on a Saturday evening really by coincidence walking by and looking at the menu. We were able to get a table right away and from there the food and...,919
angelos-wine-bar-chicago,Angelo's Wine Bar,https://www.yelp.com/biz/angelos-wine-bar-chicago,4.5,"[Category(name='Italian', alias='italian'), Category(name='Cocktail Bars', alias='cocktailbars'), Category(name='Wine Bars', alias='wine_bars')]",['3026 W Montrose Ave'],US,Chicago,IL,60618,137,True,I drive by this place daily and always make a mental note to check it out as it is always crowded with people. A restaurant full of people can only mean one...,919
kumas-too-chicago,Kuma's Too,https://www.yelp.com/biz/kumas-too-chicago,3.5,"[Category(name='Burgers', alias='burgers'), Category(name='Salad', alias='salad'), Category(name='Sandwiches', alias='sandwiches')]",['666 W Diversey Pkwy'],US,Chicago,IL,60614,705,True,This is our third trip to Chicago. This time we are here to see Pearl Jam at Wrigley Field. WOOHOO!! We had a few places that we previously didn't get to...,921
sunset-pho-caffe-chicago-4,Sunset Pho Caffe,https://www.yelp.com/biz/sunset-pho-caffe-chicago-4,4.5,"[Category(name='Lounges', alias='lounges'), Category(name='Vietnamese', alias='vietnamese')]",['5726 N Western Ave'],US,Chicago,IL,60659,94,True,This place is so Chicago (in the best way possible) & so very delicious! It's owned by a husband & wife team. The husband runs the neighborhood bar which is...,922
taus-authentic-chicago,Taus Authentic,https://www.yelp.com/biz/taus-authentic-chicago,3.5,"[Category(name='American (New)', alias='newamerican'), Category(name='Lounges', alias='lounges')]",['1846 W Division St'],US,Chicago,IL,60622,141,True,"A neighborhood Gem! 
Fantastic atmosphere and gorgeous bar for cocktails.  The burger is fantastic and my friends fried chicken was amazing!  Really worth...",922
first-slice-chicago-4,First Slice,https://www.yelp.com/biz/first-slice-chicago-4,4.5,"[Category(name='American (New)', alias='newamerican'), Category(name='Coffee & Tea', alias='coffee'), Category(name='Cafes', alias='cafes')]",['4664 N Manor Ave'],US,Chicago,IL,60625,85,True,"This is the friendliest coffee shop in Chicago. That is not a backhanded compliment, because there are very friendly people at other coffee shops as well....",925
taco-joint-chicago-3,Taco Joint,https://www.yelp.com/biz/taco-joint-chicago-3,3.5,"[Category(name='Mexican', alias='mexican')]",['158 W Ontario St'],US,Chicago,IL,60654,367,True,"Visited the Taco Joint because of Groupon. We thought the deal was DEFINITELY worth it. 

We came in not knowing what to expect. It happened to be the...",925
trike-chicago-3,Trike,https://www.yelp.com/biz/trike-chicago-3,4.0,"[Category(name='Asian Fusion', alias='asianfusion'), Category(name='Thai', alias='thai'), Category(name='Sushi Bars', alias='sushi')]",['2539 N Milwaukee Ave'],US,Chicago,IL,60647,136,True,"Came here on a Saturday evening around 6pm and the restaurant wasn't empty, but it definitely wasn't full. Seated immediately. My friend ordered the Pad...",928
el-nuevo-taco-loco-chicago,El Nuevo Taco Loco,https://www.yelp.com/biz/el-nuevo-taco-loco-chicago,4.5,"[Category(name='Mexican', alias='mexican')]",['1700 W Lawrence Ave'],US,Chicago,IL,60640,43,True,"The food is delicious!  They have a mix of Mexican and Puerto Rican food with amazing flavors!

The owner is super nice, I highly recommend it and I will be...",930
tank-noodle-chicago,Tank Noodle,https://www.yelp.com/biz/tank-noodle-chicago,4.0,"[Category(name='Vietnamese', alias='vietnamese'), Category(name='Noodles', alias='noodles')]",['4953 N Broadway'],US,Chicago,IL,60640,1386,True,"Service was excellent.

Fried egg rolls were delicious (use fish sauce for dipping). My guests really enjoyed the spring rolls. 

I ordered the self wrap...",932
cafe-michelle-chicago,Cafe Michelle,https://www.yelp.com/biz/cafe-michelle-chicago,3.5,"[Category(name='Cafes', alias='cafes')]",['200 North Lake Shore Dr'],US,Chicago,IL,60601,12,True,"You can't beat the atmosphere or menu for a cafe along the lakeshore path. Decent gelato, coffee, and food. I only wish you opened earlier on summer...",932
gayles-best-ever-grilled-cheese-chicago-3,Gayle's Best Ever Grilled Cheese,https://www.yelp.com/biz/gayles-best-ever-grilled-cheese-chicago-3,3.5,"[Category(name='American (New)', alias='newamerican')]","['108 N. State Street', 'Ste 27']",US,Chicago,IL,60602,26,True,"Stop being such a whiny cheap-skate. Gayle can absolutely make the claim of the ""Best Ever Grilled Cheese"", because you'd be hard pressed-I dare you-to find...",933
johnnys-beef-and-gyros-chicago-2,Johnny's Beef & Gyros,https://www.yelp.com/biz/johnnys-beef-and-gyros-chicago-2,4.0,"[Category(name='Burgers', alias='burgers'), Category(name='Greek', alias='greek'), Category(name='Fast Food', alias='hotdogs')]",['2300 N Lincoln Ave'],US,Chicago,IL,60614,91,True,"Johnny's beef is the best spot for burguers and gyros in chicago, their chillie cheese fries rule 

Everything is pretty tasty and they have many specials...",933
salonica-chicago,Salonica,https://www.yelp.com/biz/salonica-chicago,3.5,"[Category(name='Diners', alias='diners'), Category(name='Breakfast & Brunch', alias='breakfast_brunch')]",['1440 E 57th St'],US,Chicago,IL,60637,226,True,"What a great little neighborhood joint.  Good food, generous portions and a friendly staff always make this a place to have a quiet good meal.  Lots of your...",935
cafe-el-tapatio-chicago-4,Cafe El Tapatio,https://www.yelp.com/biz/cafe-el-tapatio-chicago-4,4.0,"[Category(name='Mexican', alias='mexican'), Category(name='Bars', alias='bars')]",['3400 N Ashland Ave'],US,Chicago,IL,60657,584,True,"I've visited here several times, ordering different dishes each visit, and have always come away raving about this place. Everything is delicious from their...",937
chicken-works-and-salad-company-chicago,Chicken Works & Salad Company,https://www.yelp.com/biz/chicken-works-and-salad-company-chicago,4.0,"[Category(name='Fast Food', alias='hotdogs'), Category(name='American (Traditional)', alias='tradamerican'), Category(name='Sandwiches', alias='sandwiches')]",['3658 W Irving Park Rd'],US,Chicago,IL,60618,192,True,Chicken Works is a great fresh option for the area with reasonable prices. The chicken Caesar wrap is my go-to because of the yummy meat and fresh veggies....,939
lawrence-fish-market-chicago,Lawrence Fish Market,https://www.yelp.com/biz/lawrence-fish-market-chicago,4.5,"[Category(name='Sushi Bars', alias='sushi')]",['3914 W Lawrence Ave'],US,Chicago,IL,60625,628,True,Best bargain sushi in the city. If you're like me where you run into the problem of having a large appetite and not trying to spend a fortune on sushi then...,942
standard-market-grill-chicago,Standard Market Grill,https://www.yelp.com/biz/standard-market-grill-chicago,3.5,"[Category(name='American (New)', alias='newamerican'), Category(name='Burgers', alias='burgers'), Category(name='Pizza', alias='pizza')]",['444 W Fullerton Pkwy'],US,Chicago,IL,60614,245,True,"I live right around the corner, so I frequently visit and order delivery from Standard Market Grill. The food is consistently good and reliable. The service...",942
trattoria-ultimo-chicago,Trattoria Ultimo,https://www.yelp.com/biz/trattoria-ultimo-chicago,4.0,"[Category(name='Italian', alias='italian')]",['1953 W Chicago Ave'],US,Chicago,IL,60622,109,True,"This place is a great hidden gem in west town/Ukrainian village, although I think some context is useful because this is not necessarily the right...",944
yard-house-chicago,Yard House,https://www.yelp.com/biz/yard-house-chicago,3.5,"[Category(name='Bars', alias='bars'), Category(name='Vegetarian', alias='vegetarian'), Category(name='American (New)', alias='newamerican')]",['1500 N Clybourn Ave'],US,Chicago,IL,60610,112,True,Went with my GF after shopping on Tuesday. We sat at the bar. We were lucky enough to get there and find out about their Happy Hour. $5 glasses of wine hit...,945
raymonds-hamburgers-chicago,Raymond's Hamburgers,https://www.yelp.com/biz/raymonds-hamburgers-chicago,4.0,"[Category(name='Burgers', alias='burgers'), Category(name='Mexican', alias='mexican')]",['2653 W Cermak Rd'],US,Chicago,IL,60608,21,False,My one and only affordable ribeye taco joint.  Meats are evenly seasoned and cooked in perfect temp.  Good meat portions.  The Original location - Raymond's...,946
cohiba-cuban-cuisine-chicago,Cohiba Cuban Cuisine,https://www.yelp.com/biz/cohiba-cuban-cuisine-chicago,4.0,"[Category(name='Cuban', alias='cuban'), Category(name='Caribbean', alias='caribbean'), Category(name='Cafes', alias='cafes')]",['2835 N Broadway St'],US,Chicago,IL,60657,167,True,"Stumbled upon Cohiba on an outing to lakeview with the family!  Everything was DELICIOUS! 
We started with the calamari. Fresh and sautéed with peppers....",946
ajida-chicago,Ajida,https://www.yelp.com/biz/ajida-chicago,3.5,"[Category(name='Noodles', alias='noodles'), Category(name='Ramen', alias='ramen')]",['201 N Wells St'],US,Chicago,IL,60606,154,True,"A friend and I stopped in here on a cold Chicago night. We each had a bowl of ramen, which was quite delicious. They make the noodles in-house--that's a big...",947
the-southern-chicago,The Southern,https://www.yelp.com/biz/the-southern-chicago,3.5,"[Category(name='Southern', alias='southern'), Category(name='Bars', alias='bars'), Category(name='Comfort Food', alias='comfortfood')]",['1840 W North Ave'],US,Chicago,IL,60622,754,True,"I really like this place.
Have been here a few times but it seems like the service and menu have improved.
We got the cheese curds which were insanely good...",951
little-vietnam-chicago,Little Vietnam,https://www.yelp.com/biz/little-vietnam-chicago,4.5,"[Category(name='Vietnamese', alias='vietnamese')]",['1132 W Bryn Mawr Ave'],US,Chicago,IL,60640,203,True,"Awesome prices, great food, and last star was for amazing service.
 
The sandwiches come with lots of veggies which helps lighten the meat flavor. The pho...",951
weather-mark-tavern-chicago-3,Weather Mark Tavern,https://www.yelp.com/biz/weather-mark-tavern-chicago-3,3.5,"[Category(name='Pubs', alias='pubs'), Category(name='American (Traditional)', alias='tradamerican'), Category(name='Breakfast & Brunch', alias='breakfast_brunch')]",['1503 S Michigan Ave'],US,Chicago,IL,60605,269,True,"We went to Weather Mark for Saturday brunch with a local friend, and it turned out to be a great choice. We took a table near the garage door in the front....",952
the-orbit-room-chicago,The Orbit Room,https://www.yelp.com/biz/the-orbit-room-chicago,4.0,"[Category(name='American (Traditional)', alias='tradamerican'), Category(name='Lounges', alias='lounges')]",['2959 N California Ave'],US,Chicago,IL,60618,304,True,I decided to try this place due to a recommendation. My friend and I chose to dine in the back patio area as we were told it is a nice area. The patio has a...,954
burnt-city-brewing-chicago,Burnt City Brewing,https://www.yelp.com/biz/burnt-city-brewing-chicago,3.5,"[Category(name='Breweries', alias='breweries'), Category(name='Gastropubs', alias='gastropubs'), Category(name='Bowling', alias='bowling')]",['2747 N Lincoln Ave'],US,Chicago,IL,60614,242,True,"Planned a team event here for a party of 20. Their planning person Morgan is fantastic! She made things beyond easy to schedule, pick food and pay. 

I love...",955
smack-dab-chicago-3,Smack Dab!,https://www.yelp.com/biz/smack-dab-chicago-3,5.0,"[Category(name='Coffee & Tea', alias='coffee'), Category(name='Breakfast & Brunch', alias='breakfast_brunch')]",['7006 N Glenwood Ave'],US,Chicago,IL,60626,65,True,"Oh my! So good! 

The breakfast sandwiches are so good! My favorite is the cornbread breakfast sandwich with the onion jam - it has such great flavors and...",958
dosirak-chicago,Dosirak,https://www.yelp.com/biz/dosirak-chicago,3.5,"[Category(name='Korean', alias='korean')]",['1514 W Taylor St'],US,Chicago,IL,60607,100,True,"Does not get better than two Vienna Beef hotdogs topped with Korean steak for $6.50!!

That being said, to wait 10-15min for hotdogs is a little much! I...",959
heineken-pub97-chicago,Heineken Pub97,https://www.yelp.com/biz/heineken-pub97-chicago,5.0,"[Category(name='Sports Bars', alias='sportsbars'), Category(name='Burgers', alias='burgers')]",['3626 N Talman Ave'],US,Chicago,IL,60618,6,True,Great overall pub experience. I stopped in with a friend for a quick bite before dance rehearsal. We shared the pub fries and hot wings. Both were great!...,959
ikram-cafe-chicago-2,Ikram Cafe,https://www.yelp.com/biz/ikram-cafe-chicago-2,4.5,"[Category(name='American (New)', alias='newamerican')]",['15 E Huron Ave'],US,Chicago,IL,60611,22,False,My wife and I had an early lunch here on a recent Monday and found it to be a delightful experience and astonishingly good value at under $41 for the two of...,961
hot-bar-by-baker-miller-chicago,Hot Bar By Baker Miller,https://www.yelp.com/biz/hot-bar-by-baker-miller-chicago,4.0,"[Category(name='American (New)', alias='newamerican'), Category(name='Breakfast & Brunch', alias='breakfast_brunch'), Category(name='Fast Food', alias='hotdogs')]",['4642 N Francisco Ave'],US,Chicago,IL,60625,27,True,"Mm mm. So lovely, I wish I lived closer! I had the cheddar, sausage biscuit sandwich and it was amazing (I also got the last one!) Nitro iced coffee is fab...",964
idof-chicago,IDOF,https://www.yelp.com/biz/idof-chicago,4.0,"[Category(name='Mediterranean', alias='mediterranean'), Category(name='Middle Eastern', alias='mideastern'), Category(name='Vegan', alias='vegan')]",['60 E Jackson Blvd'],US,Chicago,IL,60604,45,True,"My favorite lunch in the loop. Fast, friendly and tons of food. Usually I'll have leftovers for dinner or a snack later in the day.

The chicken shawarma...",966
the-breakfast-lounge-chicago,The Breakfast Lounge,https://www.yelp.com/biz/the-breakfast-lounge-chicago,4.0,"[Category(name='Breakfast & Brunch', alias='breakfast_brunch')]",['2360 N Clybourn Ave'],US,Chicago,IL,60614,113,True,"My partner and I come here several times a month because we just love breakfast food. 

My favorite menu items involve chorizo (the Chorizo Skillet and the...",968
tacos-garcia-chicago,Tacos Garcia,https://www.yelp.com/biz/tacos-garcia-chicago,4.0,"[Category(name='Mexican', alias='mexican')]",['3329 W Armitage Ave'],US,Chicago,IL,60647,53,True,"The. Best. Tacos. 

As befits an establishment with ""tacos"" in its name, the tacos at Tacos Garcia are scrumptious. My quest for Chicago's best tacos has...",971
yum-dum-truck-chicago,Yum Dum Truck,https://www.yelp.com/biz/yum-dum-truck-chicago,4.0,"[Category(name='Food Trucks', alias='foodtrucks'), Category(name='Asian Fusion', alias='asianfusion')]",[],US,Chicago,IL,60607,61,True,"Delicious. Yummy. Awesome. 

DUMPLINGS: These dumplings were good, I mean veggies dumplings are pretty standard, so it's hard to mess them up.

BAOS: The...",972
vincent-restaurant-chicago,Vincent Restaurant,https://www.yelp.com/biz/vincent-restaurant-chicago,4.5,"[Category(name='American (New)', alias='newamerican'), Category(name='Cocktail Bars', alias='cocktailbars'), Category(name='Wine Bars', alias='wine_bars')]",['1475 W Balmoral Ave'],US,Chicago,IL,60640,405,True,We recently celebrated my daughter's college graduation at VIncent with 17 family members (one of whom arrived last minute) and had a wonderful...,973
rogue-fusion-chicago,Rogue Fusion,https://www.yelp.com/biz/rogue-fusion-chicago,4.5,"[Category(name='Seafood', alias='seafood'), Category(name='Breakfast & Brunch', alias='breakfast_brunch'), Category(name='American (Traditional)', alias='tradamerican')]",['7027 N Clark St'],US,Chicago,IL,60626,41,True,"There's some talk around Rogers Park an it's Rogue Fusion what fantastic selection of food for breakfast. Had eggs benedict, the Hollandaise sauce was...",973
uncommon-ground-chicago,Uncommon Ground,https://www.yelp.com/biz/uncommon-ground-chicago,3.5,"[Category(name='Sandwiches', alias='sandwiches'), Category(name='American (New)', alias='newamerican'), Category(name='Seafood', alias='seafood')]",['3800 N Clark St'],US,Chicago,IL,60613,903,True,"This restaurant offers a variety of beers and local ingredients in all their dishes!

We paid this place a visit for a late brunch/lunch and got seated...",976
the-dock-at-montrose-beach-chicago-2,The Dock At Montrose Beach,https://www.yelp.com/biz/the-dock-at-montrose-beach-chicago-2,3.0,"[Category(name='American (New)', alias='newamerican')]",['200 W Montrose Harbor Dr'],US,Chicago,IL,60601,207,True,Beachside live music on a warm July evening. Perfect. We showed on a Sunday evening around 5:50 and a band was scheduled to begin playing at 6:00. We were...,980
wilde-bar-and-restaurant-chicago,Wilde Bar & Restaurant,https://www.yelp.com/biz/wilde-bar-and-restaurant-chicago,4.0,"[Category(name='Pubs', alias='pubs'), Category(name='Irish', alias='irish')]",['3130 N Broadway St'],US,Chicago,IL,60657,894,True,"We started out looking for something ""different"". We initially headed to Mortar and Pestle just down the street from Wilde - 45 minute wait! There are tons...",980
tonys-italian-beef-chicago,Tony's Italian Beef,https://www.yelp.com/biz/tonys-italian-beef-chicago,4.0,"[Category(name='Italian', alias='italian')]",['7007 S Pulaski Rd'],US,Chicago,IL,60629,69,False,"Love this place. Best beef sandwich in a 50 mile radius by far. On rare occasion I have sat down on one of a few barstools and ate there, but its almost a...",980
